date,pctChg
2010-01-04,-1.654400
2010-01-05,0.934600
2010-01-06,-1.111100
2010-01-07,-2.434500
2010-01-08,0.383900
2010-01-11,1.338400
2010-01-12,0.754700
2010-01-13,-4.681600
2010-01-14,0.000000
2010-01-15,-0.196500
2010-01-18,0.000000
2010-01-19,-0.393700
2010-01-20,-2.569200
2010-01-21,1.825600
2010-01-22,1.195200
2010-01-25,-0.984300
2010-01-26,-0.795200
2010-01-27,-1.803600
2010-01-28,-0.816300
2010-01-29,-0.205800
2010-02-01,-1.030900
2010-02-02,0.000000
2010-02-03,2.500000
2010-02-04,-0.813000
2010-02-05,-1.229500
2010-02-08,-0.414900
2010-02-09,0.625000
2010-02-10,0.621100
2010-02-11,0.000000
2010-02-12,1.028800
2010-02-22,-0.611000
2010-02-23,-1.024600
2010-02-24,0.000000
2010-02-25,1.035200
2010-02-26,-0.204900
2010-03-01,0.821400
2010-03-02,0.000000
2010-03-03,0.407300
2010-03-04,-1.825600
2010-03-05,0.000000
2010-03-08,0.413200
2010-03-09,1.028800
2010-03-10,-0.611000
2010-03-11,0.409800
2010-03-12,-0.816300
2010-03-15,-0.617300
2010-03-16,-0.207000
2010-03-17,1.244800
2010-03-18,-0.409800
2010-03-19,0.000000
2010-03-22,0.205800
2010-03-23,-0.410700
2010-03-24,0.618600
2010-03-25,-0.204900
2010-03-26,0.616000
2010-03-29,2.244900
2010-03-30,0.199600
2010-03-31,-0.796800
2010-04-01,0.803200
2010-04-02,-0.199200
2010-04-06,-0.199600
2010-04-07,-0.200000
2010-04-08,0.000000
2010-04-09,-0.400800
2010-04-12,-1.006000
2010-04-13,1.422800
2010-04-14,-0.801600
2010-04-15,0.000000
2010-04-16,-1.010100
2010-04-19,-4.898000
2010-04-20,-1.073000
2010-04-21,0.867700
2010-04-22,-1.505400
2010-04-23,-0.655000
2010-04-26,-0.439600
2010-04-27,-1.545300
2010-04-28,0.448400
2010-04-29,0.223200
2010-04-30,1.113600
2010-05-04,-1.101300
2010-05-05,0.222700
2010-05-06,-2.222200
2010-05-07,-0.227300
2010-05-10,0.911200
2010-05-11,0.000000
2010-05-12,2.934500
2010-05-13,0.438600
2010-05-14,-1.091700
2010-05-17,-3.090500
2010-05-18,0.000000
2010-05-19,0.000000
2010-05-20,0.455600
2010-05-21,1.133800
2010-05-24,2.017900
2010-05-25,-1.098900
2010-05-26,0.444400
2010-05-27,0.459800
2010-05-28,-0.915300
2010-05-31,-1.616600
2010-06-01,-0.704200
2010-06-02,-0.472800
2010-06-03,0.237500
2010-06-04,0.000000
2010-06-07,-2.369700
2010-06-08,-0.485400
2010-06-09,2.439022
2010-06-10,-1.428600
2010-06-11,0.724600
2010-06-17,1.438800
2010-06-18,-1.418400
2010-06-21,2.637900
2010-06-22,-0.233600
2010-06-23,-0.702600
2010-06-24,0.707500
2010-06-25,0.000000
2010-06-28,-0.234200
2010-06-29,-3.286400
2010-06-30,-1.456300
2010-07-01,-0.492600
2010-07-02,0.495000
2010-07-05,0.000000
2010-07-06,1.970400
2010-07-07,-0.483100
2010-07-08,0.242700
2010-07-09,1.452800
2010-07-12,2.625300
2010-07-13,-1.162800
2010-07-14,0.000000
2010-07-15,-1.647100
2010-07-16,-0.717697
2010-07-19,0.963900
2010-07-20,1.193300
2010-07-21,-0.471700
2010-07-22,0.947900
2010-07-23,1.408500
2010-07-26,0.231500
2010-07-27,-1.154700
2010-07-28,1.869200
2010-07-29,0.000000
2010-07-30,-1.146800
2010-08-02,1.392100
2010-08-03,-1.601800
2010-08-04,-0.232600
2010-08-05,-1.398600
2010-08-06,0.709200
2010-08-09,-0.469500
2010-08-10,-1.650900
2010-08-11,0.479600
2010-08-12,-1.670600
2010-08-13,0.242700
2010-08-16,1.452800
2010-08-17,-0.716000
2010-08-18,-0.240400
2010-08-19,0.722900
2010-08-20,-0.478500
2010-08-23,0.000000
2010-08-24,-0.480800
2010-08-25,-1.449300
2010-08-26,0.980400
2010-08-27,-0.485400
2010-08-30,0.487800
2010-08-31,-0.970900
2010-09-01,0.000000
2010-09-02,0.490200
2010-09-03,0.000000
2010-09-06,1.219500
2010-09-07,-0.481900
2010-09-08,-0.968522
2010-09-09,-0.733500
2010-09-10,0.246300
2010-09-13,0.245700
2010-09-14,-0.980400
2010-09-15,-0.247500
2010-09-16,-1.488800
2010-09-17,-0.251900
2010-09-20,0.252500
2010-09-21,0.000000
2010-09-27,0.755700
2010-09-28,0.000000
2010-09-29,0.250000
2010-09-30,0.748100
2010-10-08,1.732700
2010-10-11,2.189800
2010-10-12,-0.238100
2010-10-13,0.954700
2010-10-14,3.546100
2010-10-15,6.621000
2010-10-18,0.000000
2010-10-19,-0.856500
2010-10-20,-0.863900
2010-10-21,-1.742900
2010-10-22,-0.665200
2010-10-25,1.116100
2010-10-26,-1.766000
2010-10-27,0.000000
2010-10-28,0.224700
2010-10-29,-2.242200
2010-11-01,1.834900
2010-11-02,0.000000
2010-11-03,3.153200
2010-11-04,0.873400
2010-11-05,4.329000
2010-11-08,-0.622400
2010-11-09,-0.208800
2010-11-10,-0.836800
2010-11-11,0.632900
2010-11-12,-1.886800
2010-11-15,6.837600
2010-11-16,0.000000
2010-11-17,0.000000
2010-11-18,0.000000
2010-11-19,0.000000
2010-11-22,0.000000
2010-11-23,0.000000
2010-11-24,-9.979600
2010-11-25,-0.678700
2010-11-26,-1.594500
2010-11-29,-0.694400
2010-11-30,-2.097900
2010-12-01,2.142900
2010-12-02,1.631700
2010-12-03,-0.688100
2010-12-06,0.230900
2010-12-07,-0.691200
2010-12-08,-1.392100
2010-12-09,-0.941200
2010-12-10,0.475100
2010-12-13,1.182000
2010-12-14,-0.233600
2010-12-15,-1.171000
2010-12-16,0.237000
2010-12-17,-0.236400
2010-12-20,-0.710900
2010-12-21,0.477300
2010-12-22,-0.712600
2010-12-23,0.000000
2010-12-24,0.000000
2010-12-27,-0.717700
2010-12-28,-1.686700
2010-12-29,0.735300
2010-12-30,3.163000
2010-12-31,0.000000
2011-01-04,0.000000
2011-01-05,-1.179200
2011-01-06,-0.716000
2011-01-07,3.365400
2011-01-10,-1.395300
2011-01-11,0.471700
2011-01-12,0.704200
2011-01-13,1.165500
2011-01-14,0.230400
2011-01-17,-2.758600
2011-01-18,0.709200
2011-01-19,-0.704200
2011-01-20,-1.891300
2011-01-21,1.686700
2011-01-24,-0.710900
2011-01-25,0.000000
2011-01-26,0.238700
2011-01-27,0.952400
2011-01-28,-0.707500
2011-01-31,0.950100
2011-02-01,0.235300
2011-02-09,-0.469500
2011-02-10,0.707500
2011-02-11,0.468400
2011-02-14,1.864800
2011-02-15,-0.686500
2011-02-16,0.000000
2011-02-17,-0.230400
2011-02-18,0.000000
2011-02-21,-0.692800
2011-02-22,-1.627900
2011-02-23,0.000000
2011-02-24,0.236400
2011-02-25,0.707500
2011-02-28,-0.234200
2011-03-01,0.234736
2011-03-02,0.234200
2011-03-03,0.467300
2011-03-04,1.162800
2011-03-07,1.149400
2011-03-08,0.227300
2011-03-09,0.226800
2011-03-10,-1.583700
2011-03-11,-1.149400
2011-03-14,-0.232600
2011-03-15,-0.466200
2011-03-16,0.936800
2011-03-17,-0.928100
2011-03-18,-0.234200
2011-03-21,1.877900
2011-03-22,0.460800
2011-03-23,0.917400
2011-03-24,0.227300
2011-03-25,1.133800
2011-03-28,0.896900
2011-03-29,0.222200
2011-03-30,0.221700
2011-03-31,-1.106200
2011-04-01,0.671100
2011-04-06,1.777800
2011-04-07,-0.218300
2011-04-08,-0.437600
2011-04-11,0.879100
2011-04-12,0.435700
2011-04-13,0.433800
2011-04-14,0.000000
2011-04-15,1.511900
2011-04-18,-0.638300
2011-04-19,-2.355500
2011-04-20,0.000000
2011-04-21,0.438600
2011-04-22,-0.873400
2011-04-25,-1.101300
2011-04-26,0.222700
2011-04-27,0.888900
2011-04-28,1.101300
2011-04-29,-0.653600
2011-05-03,0.219300
2011-05-04,-0.875300
2011-05-05,1.545300
2011-05-06,-0.434800
2011-05-09,-0.218300
2011-05-10,0.000000
2011-05-11,-0.656500
2011-05-12,-1.101300
2011-05-13,2.004500
2011-05-16,-1.528400
2011-05-17,-0.221700
2011-05-18,1.333300
2011-05-19,0.219300
2011-05-20,-0.656500
2011-05-23,-1.762100
2011-05-24,-0.448400
2011-05-25,-1.801800
2011-05-26,1.146800
2011-05-27,-0.453500
2011-05-30,3.872400
2011-05-31,0.000000
2011-06-01,-1.754400
2011-06-02,-0.892900
2011-06-03,-0.675700
2011-06-07,0.453500
2011-06-08,-0.225700
2011-06-09,-1.131200
2011-06-10,1.144200
2011-06-13,2.262400
2011-06-14,-1.548700
2011-06-15,0.000000
2011-06-16,0.234200
2011-06-17,0.233600
2011-06-20,-0.699300
2011-06-21,0.939000
2011-06-22,0.697700
2011-06-23,1.154700
2011-06-24,2.283100
2011-06-27,0.000000
2011-06-28,0.446400
2011-06-29,-0.888900
2011-06-30,0.000000
2011-07-01,-1.793700
2011-07-04,0.913200
2011-07-05,-0.226200
2011-07-06,-0.907000
2011-07-07,-1.373000
2011-07-08,0.696061
2011-07-11,-0.230400
2011-07-12,-0.923800
2011-07-13,1.165500
2011-07-14,0.921700
2011-07-15,0.456600
2011-07-18,-0.909100
2011-07-19,0.000000
2011-07-20,0.229400
2011-07-21,0.000000
2011-07-22,-0.228800
2011-07-25,-1.605500
2011-07-26,0.000000
2011-07-27,-0.233100
2011-07-28,-1.869200
2011-07-29,1.190500
2011-08-01,-0.235300
2011-08-02,-0.943400
2011-08-03,-0.476200
2011-08-04,-0.478500
2011-08-05,-1.201900
2011-08-08,-1.946500
2011-08-09,1.737000
2011-08-10,1.219500
2011-08-11,0.241000
2011-08-12,-0.480800
2011-08-15,1.207700
2011-08-16,-0.716000
2011-08-17,0.480800
2011-08-18,0.000000
2011-08-19,-1.196200
2011-08-22,-1.210700
2011-08-23,0.735300
2011-08-24,-0.729900
2011-08-25,2.451000
2011-08-26,-0.478469
2011-08-29,-1.923100
2011-08-30,0.490200
2011-08-31,0.975600
2011-09-01,-0.241500
2011-09-02,-0.726400
2011-09-05,-0.487800
2011-09-06,-0.245100
2011-09-07,1.228500
2011-09-08,0.728160
2011-09-09,0.722900
2011-09-13,-0.956900
2011-09-14,-1.207700
2011-09-15,-0.244500
2011-09-16,0.490200
2011-09-19,-0.731700
2011-09-20,0.000000
2011-09-21,1.228500
2011-09-22,-2.912600
2011-09-23,0.250000
2011-09-26,-1.496300
2011-09-27,1.265800
2011-09-28,-0.250000
2011-09-29,-0.250600
2011-09-30,0.000000
2011-10-10,0.251300
2011-10-11,1.503800
2011-10-12,1.728400
2011-10-13,0.242700
2011-10-14,0.242100
2011-10-17,0.241500
2011-10-18,0.481900
2011-10-19,0.239800
2011-10-20,-0.478500
2011-10-21,-0.240400
2011-10-24,0.963900
2011-10-25,1.193300
2011-10-26,0.471700
2011-10-27,0.939000
2011-10-28,0.000000
2011-10-31,0.465100
2011-11-01,-0.463000
2011-11-02,0.465100
2011-11-03,0.000000
2011-11-04,0.463000
2011-11-07,-0.691200
2011-11-08,0.464000
2011-11-09,0.692800
2011-11-10,-2.752300
2011-11-11,1.179200
2011-11-14,1.398600
2011-11-15,-0.689700
2011-11-16,-0.925900
2011-11-17,0.467300
2011-11-18,0.000000
2011-11-21,-1.162800
2011-11-22,-0.705900
2011-11-23,0.473900
2011-11-24,0.943400
2011-11-25,-1.401900
2011-11-28,0.237000
2011-11-29,0.000000
2011-11-30,-0.945600
2011-12-01,2.148000
2011-12-02,-0.700900
2011-12-05,0.705900
2011-12-06,-1.869200
2011-12-07,-0.714300
2011-12-08,-0.239800
2011-12-09,0.240400
2011-12-12,-1.199000
2011-12-13,0.728200
2011-12-14,-1.204800
2011-12-15,0.243900
2011-12-16,1.459900
2011-12-19,0.000000
2011-12-20,-0.479600
2011-12-21,-0.481900
2011-12-22,0.484300
2011-12-23,0.481900
2011-12-26,0.000000
2011-12-27,0.000000
2011-12-28,0.479600
2011-12-29,0.238700
2011-12-30,0.952400
2012-01-04,-0.471700
2012-01-05,0.710900
2012-01-06,0.705900
2012-01-09,0.700900
2012-01-10,0.928100
2012-01-11,0.000000
2012-01-12,-0.459800
2012-01-13,0.230900
2012-01-16,-0.691200
2012-01-17,1.160100
2012-01-18,-1.146800
2012-01-19,1.160100
2012-01-20,0.000000
2012-01-30,-2.064200
2012-01-31,0.702600
2012-02-01,-0.465100
2012-02-02,2.336400
2012-02-03,0.684900
2012-02-06,0.000000
2012-02-07,-1.814100
2012-02-08,1.847600
2012-02-09,0.226800
2012-02-10,-0.678700
2012-02-13,-0.455600
2012-02-14,-0.457700
2012-02-15,0.459800
2012-02-16,0.457700
2012-02-17,0.000000
2012-02-20,0.227800
2012-02-21,1.363600
2012-02-22,-0.448400
2012-02-23,0.000000
2012-02-24,0.000000
2012-02-27,0.000000
2012-02-28,0.225200
2012-02-29,-0.449400
2012-03-01,-0.451500
2012-03-02,0.453500
2012-03-05,-1.128700
2012-03-06,-0.913200
2012-03-07,-0.460800
2012-03-08,0.231500
2012-03-09,0.000000
2012-03-12,0.000000
2012-03-13,0.230900
2012-03-14,-0.460800
2012-03-15,-0.231500
2012-03-16,0.232000
2012-03-19,0.000000
2012-03-20,0.000000
2012-03-21,-0.231500
2012-03-22,0.696100
2012-03-23,-0.921700
2012-03-26,0.232600
2012-03-27,0.464000
2012-03-28,-0.461900
2012-03-29,-0.696100
2012-03-30,1.168200
2012-04-05,-0.692800
2012-04-06,-0.232600
2012-04-09,-0.233100
2012-04-10,0.233600
2012-04-11,0.000000
2012-04-12,1.631700
2012-04-13,0.000000
2012-04-16,0.000000
2012-04-17,-0.458700
2012-04-18,0.921700
2012-04-19,-0.684900
2012-04-20,1.609200
2012-04-23,-0.678700
2012-04-24,0.455600
2012-04-25,0.226800
2012-04-26,-0.678700
2012-04-27,-0.455600
2012-05-02,0.915300
2012-05-03,-1.133800
2012-05-04,0.458700
2012-05-07,0.913200
2012-05-08,0.000000
2012-05-09,-0.905000
2012-05-10,0.456600
2012-05-11,-0.909100
2012-05-14,0.229400
2012-05-15,-0.915300
2012-05-16,-0.692800
2012-05-17,0.697700
2012-05-18,-1.847600
2012-05-21,-0.470600
2012-05-22,0.000000
2012-05-23,-1.182000
2012-05-24,0.239200
2012-05-25,-0.238700
2012-05-28,0.478500
2012-05-29,0.476200
2012-05-30,0.000000
2012-05-31,0.000000
2012-06-01,0.473900
2012-06-04,-1.650900
2012-06-05,0.719400
2012-06-06,0.000000
2012-06-07,-0.238100
2012-06-08,-0.716000
2012-06-11,0.240400
2012-06-12,0.000000
2012-06-13,0.719400
2012-06-14,-1.250000
2012-06-15,0.759500
2012-06-18,-0.753800
2012-06-19,-0.253200
2012-06-20,0.000000
2012-06-21,-0.761400
2012-06-25,0.767300
2012-06-26,-0.253800
2012-06-27,0.254500
2012-06-28,-0.507600
2012-06-29,0.765300
2012-07-02,-0.253200
2012-07-03,-0.507600
2012-07-04,0.510200
2012-07-05,0.253800
2012-07-06,-1.012700
2012-07-09,-2.813300
2012-07-10,-0.263200
2012-07-11,-0.527700
2012-07-12,-0.530500
2012-07-13,0.266700
2012-07-16,0.797900
2012-07-17,0.527700
2012-07-18,0.524900
2012-07-19,-0.783300
2012-07-20,-0.789500
2012-07-23,-1.326300
2012-07-24,-1.075300
2012-07-25,-0.271700
2012-07-26,0.000000
2012-07-27,1.362400
2012-07-30,-0.268800
2012-07-31,1.078200
2012-08-01,0.533300
2012-08-02,0.265300
2012-08-03,0.264600
2012-08-06,-0.527700
2012-08-07,-0.795800
2012-08-08,1.069500
2012-08-09,-0.529100
2012-08-10,0.797900
2012-08-13,0.527700
2012-08-14,0.524900
2012-08-15,-0.783300
2012-08-16,0.000000
2012-08-17,0.789500
2012-08-20,0.261100
2012-08-21,-0.260400
2012-08-22,0.000000
2012-08-23,-0.522200
2012-08-24,0.000000
2012-08-27,0.262500
2012-08-28,0.785300
2012-08-29,-0.259700
2012-08-30,0.260416
2012-08-31,-0.779200
2012-09-03,-1.308900
2012-09-04,-0.795800
2012-09-05,-1.069500
2012-09-06,0.270300
2012-09-07,2.425900
2012-09-10,0.000000
2012-09-11,-0.263200
2012-09-12,-1.055400
2012-09-13,0.000000
2012-09-14,0.800000
2012-09-17,-0.793700
2012-09-18,-1.333300
2012-09-19,0.000000
2012-09-20,-0.540500
2012-09-21,-0.543500
2012-09-24,-0.546400
2012-09-25,0.274700
2012-09-26,-0.274000
2012-09-27,2.472500
2012-09-28,0.536200
2012-10-08,0.000000
2012-10-09,1.333300
2012-10-10,0.000000
2012-10-11,0.526300
2012-10-12,0.523600
2012-10-15,-0.520800
2012-10-16,0.000000
2012-10-17,0.785300
2012-10-18,1.039000
2012-10-19,0.514138
2012-10-22,0.000000
2012-10-23,-0.255800
2012-10-24,-0.256400
2012-10-25,-0.771200
2012-10-26,-0.518100
2012-10-29,-0.781200
2012-10-30,0.000000
2012-10-31,0.262500
2012-11-01,1.308900
2012-11-02,1.033600
2012-11-05,-0.255800
2012-11-06,-0.512800
2012-11-07,0.000000
2012-11-08,-0.257700
2012-11-09,0.258400
2012-11-12,0.515500
2012-11-13,-1.025600
2012-11-14,0.259100
2012-11-15,-0.775200
2012-11-16,-0.260400
2012-11-19,0.522200
2012-11-20,-0.519500
2012-11-21,0.261100
2012-11-22,0.000000
2012-11-23,0.260400
2012-11-26,0.000000
2012-11-27,0.259700
2012-11-28,0.259100
2012-11-29,0.258400
2012-11-30,0.000000
2012-12-03,-0.515500
2012-12-04,-0.518100
2012-12-05,1.562500
2012-12-06,0.512800
2012-12-07,0.255100
2012-12-10,0.508900
2012-12-11,0.000000
2012-12-12,1.265800
2012-12-13,-1.250000
2012-12-14,3.797500
2012-12-17,-0.243900
2012-12-18,0.733500
2012-12-19,-0.485400
2012-12-20,-0.731700
2012-12-21,-1.474200
2012-12-24,0.249400
2012-12-25,2.985100
2012-12-26,-1.449300
2012-12-27,-0.735300
2012-12-28,1.234600
2012-12-31,1.219500
2013-01-04,1.686700
2013-01-07,0.237000
2013-01-08,-2.127700
2013-01-09,0.241500
2013-01-10,1.927700
2013-01-11,-0.709200
2013-01-14,2.142900
2013-01-15,-0.699300
2013-01-16,0.234700
2013-01-17,-1.873500
2013-01-18,0.716000
2013-01-21,-0.473900
2013-01-22,1.190500
2013-01-23,-1.411800
2013-01-24,1.432000
2013-01-25,-0.470600
2013-01-28,1.418400
2013-01-29,0.000000
2013-01-30,2.331000
2013-01-31,0.227800
2013-02-01,1.136400
2013-02-04,0.449400
2013-02-05,-1.342300
2013-02-06,0.226800
2013-02-07,-2.036200
2013-02-08,0.461900
2013-02-18,-0.919500
2013-02-19,-1.160100
2013-02-20,-0.469500
2013-02-21,-1.415100
2013-02-22,-0.956900
2013-02-25,0.000000
2013-02-26,-0.966200
2013-02-27,1.951200
2013-02-28,0.717700
2013-03-01,-0.950100
2013-03-04,-2.158300
2013-03-05,2.451000
2013-03-06,-0.239200
2013-03-07,-0.959200
2013-03-08,-0.242100
2013-03-11,0.000000
2013-03-12,0.242700
2013-03-13,0.000000
2013-03-14,0.726400
2013-03-15,0.480800
2013-03-18,-2.631600
2013-03-19,0.245700
2013-03-20,2.205900
2013-03-21,0.000000
2013-03-22,0.239800
2013-03-25,0.239200
2013-03-26,-1.432000
2013-03-27,-0.242100
2013-03-28,-2.669900
2013-03-29,0.997500
2013-04-01,0.246900
2013-04-02,0.000000
2013-04-03,0.738900
2013-04-08,-0.489000
2013-04-09,0.000000
2013-04-10,0.000000
2013-04-11,0.245700
2013-04-12,-0.245092
2013-04-15,-0.737100
2013-04-16,0.000000
2013-04-17,0.000000
2013-04-18,0.495000
2013-04-19,1.231532
2013-04-22,-0.243300
2013-04-23,-0.731700
2013-04-24,0.737100
2013-04-25,-0.487800
2013-04-26,-0.735288
2013-05-02,0.493800
2013-05-03,0.245694
2013-05-06,0.490200
2013-05-07,-0.243900
2013-05-08,0.244500
2013-05-09,-0.243900
2013-05-10,0.489000
2013-05-13,-0.243300
2013-05-14,-0.487800
2013-05-15,-0.490200
2013-05-16,0.738900
2013-05-17,1.711500
2013-05-20,0.721200
2013-05-21,0.238658
2013-05-22,-0.952400
2013-05-23,0.000000
2013-05-24,0.000000
2013-05-27,-0.721200
2013-05-28,1.452800
2013-05-29,0.477300
2013-05-30,-0.237500
2013-05-31,-0.476190
2013-06-03,0.717700
2013-06-04,0.237500
2013-06-05,-0.237000
2013-06-06,-1.425200
2013-06-07,0.481900
2013-06-13,-0.719400
2013-06-14,0.483100
2013-06-17,-0.961500
2013-06-18,0.970900
2013-06-19,-0.240400
2013-06-20,-2.168700
2013-06-21,-0.985200
2013-06-24,-2.985100
2013-06-25,1.538500
2013-06-26,0.537600
2013-06-27,1.871700
2013-06-28,5.511800
2013-07-01,0.248800
2013-07-02,-0.248100
2013-07-03,-1.990000
2013-07-04,-0.761400
2013-07-05,1.023000
2013-07-08,0.000000
2013-07-09,0.000000
2013-07-10,-0.506300
2013-07-11,1.272300
2013-07-12,-0.502500
2013-07-15,-0.505100
2013-07-16,0.253800
2013-07-17,0.000000
2013-07-18,-0.506300
2013-07-19,0.508900
2013-07-22,-0.506300
2013-07-23,0.000000
2013-07-24,-0.254500
2013-07-25,-0.255100
2013-07-26,0.000000
2013-07-29,-0.511500
2013-07-30,0.514100
2013-07-31,-0.511500
2013-08-01,0.514100
2013-08-02,0.000000
2013-08-05,0.255800
2013-08-06,-0.510200
2013-08-07,-0.256400
2013-08-08,0.257100
2013-08-09,0.256400
2013-08-12,1.023000
2013-08-13,0.000000
2013-08-14,-0.253200
2013-08-15,0.253800
2013-08-16,0.000000
2013-08-19,-0.506300
2013-08-20,-0.254500
2013-08-21,0.000000
2013-08-22,-0.255100
2013-08-23,-0.511500
2013-08-26,1.028300
2013-08-27,-0.763400
2013-08-28,-0.512800
2013-08-29,-0.257700
2013-08-30,0.775200
2013-09-02,-0.256400
2013-09-03,1.285300
2013-09-04,-0.253800
2013-09-05,-0.508900
2013-09-06,0.000000
2013-09-09,4.347800
2013-09-10,-2.451000
2013-09-11,0.251300
2013-09-12,1.503800
2013-09-13,-1.481500
2013-09-16,-0.250600
2013-09-17,-1.256300
2013-09-18,-0.508900
2013-09-23,0.000000
2013-09-24,-0.511500
2013-09-25,-0.257100
2013-09-26,-0.773200
2013-09-27,0.259700
2013-09-30,0.000000
2013-10-08,0.259100
2013-10-09,-0.258400
2013-10-10,0.000000
2013-10-11,0.777200
2013-10-14,-0.257100
2013-10-15,-1.030900
2013-10-16,0.520800
2013-10-17,0.000000
2013-10-18,-0.518100
2013-10-21,0.520800
2013-10-22,-0.518100
2013-10-23,0.000000
2013-10-24,-0.781300
2013-10-25,-0.787400
2013-10-28,-0.529100
2013-10-29,1.063800
2013-10-30,0.263200
2013-10-31,0.262500
2013-11-01,0.523600
2013-11-04,0.000000
2013-11-05,-0.260400
2013-11-06,-0.783300
2013-11-07,0.789500
2013-11-08,-0.261100
2013-11-11,0.261800
2013-11-12,0.000000
2013-11-13,-0.783300
2013-11-14,-0.263200
2013-11-15,0.000000
2013-11-18,1.055400
2013-11-19,-0.261100
2013-11-20,0.261800
2013-11-21,1.566600
2013-11-22,-0.771200
2013-11-25,-1.295300
2013-11-26,-0.524900
2013-11-27,0.000000
2013-11-28,0.263900
2013-11-29,0.000000
2013-12-02,1.842100
2013-12-03,-1.292000
2013-12-04,0.261800
2013-12-05,-0.522200
2013-12-06,0.000000
2013-12-09,-0.262500
2013-12-10,0.000000
2013-12-11,-0.526300
2013-12-12,-0.529100
2013-12-13,-1.063800
2013-12-16,-0.806500
2013-12-17,-0.271000
2013-12-18,-0.271700
2013-12-19,-1.089900
2013-12-20,-1.652900
2013-12-23,0.280100
2013-12-24,0.000000
2013-12-25,0.279300
2013-12-26,-1.114200
2013-12-27,0.845100
2013-12-30,-0.838000
2013-12-31,0.845100
2014-01-02,0.000000
2014-01-03,-0.558700
2014-01-06,-0.280900
2014-01-07,0.000000
2014-01-08,0.563400
2014-01-09,-1.120400
2014-01-10,0.000000
2014-01-13,0.283300
2014-01-14,-0.565000
2014-01-15,-1.704500
2014-01-16,-0.867100
2014-01-17,-0.583100
2014-01-20,-0.293300
2014-01-21,0.000000
2014-01-22,0.882400
2014-01-23,-0.874600
2014-01-24,0.000000
2014-01-27,-1.176500
2014-01-28,0.892900
2014-01-29,1.474900
2014-01-30,-0.872100
2014-02-07,-0.293300
2014-02-10,0.588200
2014-02-11,0.877200
2014-02-12,-0.289900
2014-02-13,0.000000
2014-02-14,-0.290700
2014-02-17,0.291500
2014-02-18,-0.290700
2014-02-19,1.457700
2014-02-20,-1.149400
2014-02-21,0.000000
2014-02-24,-2.034900
2014-02-25,0.000000
2014-02-26,-0.890200
2014-02-27,0.598800
2014-02-28,-0.595200
2014-03-03,-0.299400
2014-03-04,0.300300
2014-03-05,-0.598800
2014-03-06,0.301200
2014-03-07,0.000000
2014-03-10,-2.102100
2014-03-11,-0.920200
2014-03-12,0.000000
2014-03-13,1.238400
2014-03-14,-0.917400
2014-03-17,0.308600
2014-03-18,0.307700
2014-03-19,0.613500
2014-03-20,0.000000
2014-03-21,1.829300
2014-03-24,1.197600
2014-03-25,-0.591700
2014-03-26,1.190500
2014-03-27,-0.588200
2014-03-28,2.366900
2014-03-31,-0.289000
2014-04-01,0.000000
2014-04-02,-0.289900
2014-04-03,-0.581400
2014-04-04,0.292400
2014-04-08,2.040800
2014-04-09,-0.571400
2014-04-10,2.011500
2014-04-11,-0.845100
2014-04-14,-0.568200
2014-04-15,-1.142900
2014-04-16,1.156100
2014-04-17,-0.571400
2014-04-18,-0.287400
2014-04-21,-0.864600
2014-04-22,0.290700
2014-04-23,-0.289900
2014-04-24,-0.581400
2014-04-25,0.877200
2014-04-28,0.289900
2014-04-29,-0.289000
2014-04-30,-0.289900
2014-05-05,-0.581400
2014-05-06,-0.584800
2014-05-07,0.588200
2014-05-08,0.292400
2014-05-09,0.583100
2014-05-12,0.869600
2014-05-13,-0.574700
2014-05-14,-0.289000
2014-05-15,0.579700
2014-05-16,0.288200
2014-05-19,-0.574700
2014-05-20,0.289000
2014-05-21,0.576400
2014-05-22,0.286500
2014-05-23,0.571400
2014-05-26,-0.284100
2014-05-27,0.569800
2014-05-28,1.133100
2014-05-29,0.000000
2014-05-30,-0.280100
2014-06-03,0.561800
2014-06-04,-0.279300
2014-06-05,1.680700
2014-06-06,-0.551000
2014-06-09,1.385000
2014-06-10,1.912600
2014-06-11,-0.268100
2014-06-12,-0.268800
2014-06-13,0.808600
2014-06-16,1.069500
2014-06-17,-1.322800
2014-06-18,0.268100
2014-06-19,-0.802100
2014-06-20,0.000000
2014-06-23,-1.159400
2014-06-24,0.293300
2014-06-25,-1.169600
2014-06-26,0.295900
2014-06-27,0.000000
2014-06-30,0.000000
2014-07-01,0.000000
2014-07-02,0.590000
2014-07-03,0.293300
2014-07-04,0.000000
2014-07-07,0.877200
2014-07-08,0.579700
2014-07-09,-1.440900
2014-07-10,0.877200
2014-07-11,-0.289900
2014-07-14,0.290700
2014-07-15,0.579700
2014-07-16,-0.288200
2014-07-17,-0.289000
2014-07-18,0.000000
2014-07-21,-0.869600
2014-07-22,0.292400
2014-07-23,0.291500
2014-07-24,1.162800
2014-07-25,1.149400
2014-07-28,2.272700
2014-07-29,-0.277800
2014-07-30,-0.557100
2014-07-31,0.840300
2014-08-01,-0.277800
2014-08-04,0.557100
2014-08-05,-0.554000
2014-08-06,-0.278600
2014-08-07,-1.676000
2014-08-08,-0.284100
2014-08-11,1.424500
2014-08-12,-0.842700
2014-08-13,-0.566600
2014-08-14,0.000000
2014-08-15,0.284900
2014-08-18,-0.284100
2014-08-19,0.284900
2014-08-20,0.000000
2014-08-21,-0.568200
2014-08-22,0.285700
2014-08-25,-0.284900
2014-08-26,-0.285700
2014-08-27,0.000000
2014-08-28,-1.432700
2014-08-29,0.581400
2014-09-01,0.578000
2014-09-02,1.149400
2014-09-03,0.852300
2014-09-04,1.126800
2014-09-05,0.557100
2014-09-09,-0.554000
2014-09-10,-0.835700
2014-09-11,-0.280900
2014-09-12,0.563400
2014-09-15,0.000000
2014-09-16,-0.560200
2014-09-17,0.281700
2014-09-18,0.000000
2014-09-19,0.000000
2014-09-22,-1.966300
2014-09-23,0.286500
2014-09-24,1.142900
2014-09-25,0.282500
2014-09-26,0.000000
2014-09-29,-0.845100
2014-09-30,0.284100
2014-10-08,0.000000
2014-10-09,-0.283300
2014-10-10,-0.284100
2014-10-13,-0.854700
2014-10-14,0.000000
2014-10-15,0.574700
2014-10-16,0.571400
2014-10-17,0.000000
2014-10-20,0.000000
2014-10-21,-0.284100
2014-10-22,-0.284900
2014-10-23,0.571400
2014-10-24,0.000000
2014-10-27,-0.852300
2014-10-28,0.859600
2014-10-29,0.568200
2014-10-30,1.412400
2014-10-31,1.949900
2014-11-03,-0.819700
2014-11-04,0.275500
2014-11-05,-1.648400
2014-11-06,-0.279300
2014-11-07,0.000000
2014-11-10,2.801100
2014-11-11,3.814700
2014-11-12,-1.312300
2014-11-13,0.000000
2014-11-14,0.531900
2014-11-17,-0.793700
2014-11-18,-0.800000
2014-11-19,-0.806500
2014-11-20,-0.271000
2014-11-21,1.358700
2014-11-24,0.000000
2014-11-25,1.072400
2014-11-26,1.326300
2014-11-27,0.261800
2014-11-28,5.483000
2014-12-01,-0.742600
2014-12-02,4.239400
2014-12-03,-1.913900
2014-12-04,4.146300
2014-12-05,7.494100
2014-12-08,0.871500
2014-12-09,-9.287300
2014-12-10,2.381000
2014-12-11,-2.325600
2014-12-12,0.238100
2014-12-15,-1.900200
2014-12-16,2.905600
2014-12-17,5.176500
2014-12-18,-2.684600
2014-12-19,1.379300
2014-12-22,6.802700
2014-12-23,-4.883200
2014-12-24,-3.348200
2014-12-25,3.002300
2014-12-26,3.587400
2014-12-29,-0.216400
2014-12-30,2.169200
2014-12-31,3.397000
2015-01-05,3.901400
2015-01-06,0.790500
2015-01-07,-1.176500
2015-01-08,-4.166700
2015-01-09,1.035200
2015-01-12,-1.229500
2015-01-13,0.000000
2015-01-14,1.452300
2015-01-15,4.090000
2015-01-16,1.178800
2015-01-19,-9.902900
2015-01-20,0.000000
2015-01-21,6.034500
2015-01-22,-0.813000
2015-01-23,2.049200
2015-01-26,-1.004000
2015-01-27,-3.042600
2015-01-28,-1.882800
2015-01-29,-2.771900
2015-01-30,-0.438600
2015-02-02,-2.863400
2015-02-03,2.040800
2015-02-04,-2.000000
2015-02-05,-0.226800
2015-02-06,-2.272700
2015-02-09,0.000000
2015-02-10,1.395300
2015-02-11,-0.688100
2015-02-12,0.231000
2015-02-13,2.304100
2015-02-16,-0.450500
2015-02-17,1.583700
2015-02-25,0.000000
2015-02-26,2.227200
2015-02-27,-0.217900
2015-03-02,-0.218300
2015-03-03,-3.719900
2015-03-04,-0.454500
2015-03-05,-1.598200
2015-03-06,0.696100
2015-03-09,4.147500
2015-03-10,-2.212400
2015-03-11,0.905000
2015-03-12,2.466400
2015-03-13,0.000000
2015-03-16,0.656400
2015-03-17,0.652200
2015-03-18,2.159800
2015-03-19,-0.845700
2015-03-20,0.639700
2015-03-23,1.271200
2015-03-24,0.418400
2015-03-25,-2.291700
2015-03-26,0.639700
2015-03-27,-0.211900
2015-03-30,4.458600
2015-03-31,-1.219500
2015-04-01,0.617300
2015-04-02,-0.818000
2015-04-03,0.412400
2015-04-07,2.669400
2015-04-08,0.800000
2015-04-09,-0.198400
2015-04-10,1.391600
2015-04-13,4.313700
2015-04-14,-1.127800
2015-04-15,3.231900
2015-04-16,3.499100
2015-04-17,0.355900
2015-04-20,-3.900700
2015-04-21,0.369000
2015-04-22,1.470600
2015-04-23,-0.724600
2015-04-24,-2.737200
2015-04-27,3.189500
2015-04-28,2.545500
2015-04-29,-1.950300
2015-04-30,-2.170000
2015-05-04,-0.369700
2015-05-05,-4.638200
2015-05-06,-0.194500
2015-05-07,-0.974700
2015-05-08,1.378000
2015-05-11,0.970900
2015-05-12,-0.192300
2015-05-13,-0.578000
2015-05-14,-0.581400
2015-05-15,-0.974700
2015-05-18,-1.574800
2015-05-19,2.800000
2015-05-20,0.194600
2015-05-21,0.970900
2015-05-22,2.500000
2015-05-25,2.063800
2015-05-26,0.000000
2015-05-27,-1.286800
2015-05-28,-5.027900
2015-05-29,-0.588200
2015-06-01,3.155800
2015-06-02,-0.573600
2015-06-03,0.000000
2015-06-04,2.692300
2015-06-05,-0.374500
2015-06-08,5.827100
2015-06-09,-1.953800
2015-06-10,-1.630400
2015-06-11,-0.184200
2015-06-12,0.369000
2015-06-15,-2.205900
2015-06-16,-1.691700
2015-06-17,1.147200
2015-06-18,-3.402600
2015-06-19,-2.739700
2015-06-23,4.225400
2015-06-24,0.772200
2015-06-25,-1.341000
2015-06-26,-3.301000
2015-06-29,1.807200
2015-06-30,4.142000
2015-07-01,-2.651500
2015-07-02,5.836600
2015-07-03,-2.389700
2015-07-06,9.039500
2015-07-07,3.797500
2015-07-08,-4.703800
2015-07-09,2.011000
2015-07-10,-0.716800
2015-07-13,-4.873600
2015-07-14,-2.277000
2015-07-15,2.330100
2015-07-16,-0.948800
2015-07-17,-0.191600
2015-07-20,-0.767800
2015-07-21,-0.386800
2015-07-22,-0.582500
2015-07-23,0.585900
2015-07-24,-0.970900
2015-07-27,-5.490200
2015-07-28,0.207500
2015-07-29,0.621100
2015-07-30,-1.440300
2015-07-31,0.835100
2015-08-03,0.828200
2015-08-04,0.000000
2015-08-05,-1.026700
2015-08-06,-0.207500
2015-08-07,0.623700
2015-08-10,1.652900
2015-08-11,-1.016300
2015-08-12,-1.437400
2015-08-13,-0.208300
2015-08-14,-0.417500
2015-08-17,-1.257900
2015-08-18,-1.698500
2015-08-19,-1.295900
2015-08-20,-0.437600
2015-08-21,-0.219800
2015-08-24,-9.691600
2015-08-25,-5.121900
2015-08-26,4.113100
2015-08-27,4.691300
2015-08-28,-0.235800
2015-08-31,-0.945600
2015-09-01,7.398600
2015-09-02,10.000000
2015-09-07,-8.686900
2015-09-08,-0.442500
2015-09-09,0.000000
2015-09-10,-0.666700
2015-09-11,-0.894900
2015-09-14,2.031600
2015-09-15,0.442500
2015-09-16,-0.220300
2015-09-17,-0.220800
2015-09-18,-1.548700
2015-09-21,-0.674200
2015-09-22,0.452500
2015-09-23,-1.576600
2015-09-24,0.000000
2015-09-25,1.830700
2015-09-28,-1.573000
2015-09-29,-1.369900
2015-09-30,0.000000
2015-10-08,1.388900
2015-10-09,1.369900
2015-10-12,1.576600
2015-10-13,-1.330400
2015-10-14,-0.449400
2015-10-15,1.354400
2015-10-16,0.222700
2015-10-19,-0.222200
2015-10-20,0.222700
2015-10-21,6.000000
2015-10-22,-2.515700
2015-10-23,-0.860200
2015-10-26,0.216900
2015-10-27,0.216500
2015-10-28,-0.432000
2015-10-29,-0.650800
2015-10-30,-0.218300
2015-11-02,-1.094100
2015-11-03,-1.548700
2015-11-04,2.471900
2015-11-05,1.754400
2015-11-06,0.215500
2015-11-09,3.225800
2015-11-10,-1.458300
2015-11-11,-0.634300
2015-11-12,-1.063800
2015-11-13,-1.075300
2015-11-16,1.087000
2015-11-17,0.430100
2015-11-18,0.214100
2015-11-19,0.000000
2015-11-20,-0.427400
2015-11-23,-0.214600
2015-11-24,-0.215100
2015-11-25,0.431000
2015-11-26,0.429200
2015-11-27,-2.136800
2015-11-30,0.873400
2015-12-01,-1.515100
2015-12-02,3.736300
2015-12-03,2.966100
2015-12-04,-3.497900
2015-12-07,-0.639700
2015-12-08,-0.858400
2015-12-09,0.865800
2015-12-10,-1.073000
2015-12-11,-0.433800
2015-12-14,1.307200
2015-12-15,-1.075300
2015-12-16,-0.217400
2015-12-17,0.653600
2015-12-18,0.000000
2015-12-21,1.515200
2015-12-22,-0.426400
2015-12-23,0.000000
2015-12-24,-0.428300
2015-12-25,0.000000
2015-12-28,-1.290300
2015-12-29,0.435700
2015-12-30,0.000000
2015-12-31,-0.650800
2016-01-04,-2.838400
2016-01-05,0.449400
2016-01-06,0.894900
2016-01-07,-1.773800
2016-01-08,0.677200
2016-01-11,-3.139000
2016-01-12,0.000000
2016-01-13,-0.463000
2016-01-14,0.232600
2016-01-15,-1.856100
2016-01-18,-0.945600
2016-01-19,1.432000
2016-01-20,-0.705900
2016-01-21,-0.947900
2016-01-22,0.956900
2016-01-25,0.237000
2016-01-26,-3.546100
2016-01-27,0.735300
2016-01-28,-1.459900
2016-01-29,1.234600
2016-02-01,-1.707300
2016-02-02,0.496300
2016-02-03,-0.987700
2016-02-04,0.249400
2016-02-05,-0.248800
2016-02-15,-0.997500
2016-02-16,2.015100
2016-02-17,-0.246900
2016-02-18,0.495000
2016-02-19,-0.985200
2016-02-22,1.492500
2016-02-23,-0.735300
2016-02-24,0.000000
2016-02-25,-0.987700
2016-02-26,0.249400
2016-02-29,0.248800
2016-03-01,0.000000
2016-03-02,1.985100
2016-03-03,0.486600
2016-03-04,4.358300
2016-03-07,-0.464000
2016-03-08,0.932400
2016-03-09,1.847600
2016-03-10,-2.040800
2016-03-11,0.463000
2016-03-14,-0.921700
2016-03-15,-0.930200
2016-03-16,1.408400
2016-03-17,-0.694400
2016-03-18,0.233100
2016-03-21,0.232600
2016-03-22,-0.464000
2016-03-23,0.233100
2016-03-24,-0.930200
2016-03-25,0.469500
2016-03-28,0.467300
2016-03-29,-1.162800
2016-03-30,1.647100
2016-03-31,-0.694400
2016-04-01,0.233100
2016-04-05,0.465100
2016-04-06,-0.694400
2016-04-07,-0.699300
2016-04-08,0.000000
2016-04-11,0.704200
2016-04-12,-0.233100
2016-04-13,0.934600
2016-04-14,-0.231500
2016-04-15,-0.232000
2016-04-18,-0.232600
2016-04-19,0.000000
2016-04-20,0.000000
2016-04-21,0.233100
2016-04-22,-0.465100
2016-04-25,-0.233700
2016-04-26,0.234200
2016-04-27,0.000000
2016-04-28,0.000000
2016-04-29,-0.467300
2016-05-03,0.469500
2016-05-04,-0.233700
2016-05-05,0.234200
2016-05-06,-0.934600
2016-05-09,-1.650900
2016-05-10,-0.239800
2016-05-11,0.721200
2016-05-12,-0.238700
2016-05-13,0.956900
2016-05-16,0.710900
2016-05-17,0.000000
2016-05-18,-0.235300
2016-05-19,0.000000
2016-05-20,0.235900
2016-05-23,0.235300
2016-05-24,0.000000
2016-05-25,0.000000
2016-05-26,0.469500
2016-05-27,0.233600
2016-05-30,0.233100
2016-05-31,1.395300
2016-06-01,-0.458700
2016-06-02,0.000000
2016-06-03,0.691200
2016-06-06,0.228800
2016-06-07,0.456600
2016-06-08,-0.227300
2016-06-13,-0.455600
2016-06-14,0.686500
2016-06-15,-0.227300
2016-06-16,-0.455600
2016-06-17,0.000000
2016-06-20,0.457700
2016-06-21,0.455600
2016-06-22,0.680300
2016-06-23,0.000000
2016-06-24,-0.900900
2016-06-27,0.454500
2016-06-28,0.000000
2016-06-29,0.000000
2016-06-30,0.452500
2016-07-01,0.675700
2016-07-04,1.566000
2016-07-05,0.220300
2016-07-06,0.219800
2016-07-07,0.657900
2016-07-08,-1.605500
2016-07-11,-0.466200
2016-07-12,1.639300
2016-07-13,0.230400
2016-07-14,-0.919500
2016-07-15,0.232000
2016-07-18,0.463000
2016-07-19,-0.921700
2016-07-20,-0.465100
2016-07-21,0.000000
2016-07-22,0.000000
2016-07-25,0.233600
2016-07-26,0.466200
2016-07-27,0.000000
2016-07-28,-0.464000
2016-07-29,0.233100
2016-08-01,0.697700
2016-08-02,0.231000
2016-08-03,-0.230400
2016-08-04,0.000000
2016-08-05,0.000000
2016-08-08,0.231000
2016-08-09,0.691200
2016-08-10,0.228800
2016-08-11,0.913200
2016-08-12,1.810000
2016-08-15,1.777800
2016-08-16,-3.056800
2016-08-17,0.000000
2016-08-18,-0.225200
2016-08-19,0.225700
2016-08-22,0.675700
2016-08-23,1.118600
2016-08-24,0.000000
2016-08-25,0.000000
2016-08-26,-0.442500
2016-08-29,-0.222200
2016-08-30,0.445400
2016-08-31,0.443500
2016-09-01,-0.220800
2016-09-02,0.221200
2016-09-05,0.000000
2016-09-06,-1.545258
2016-09-07,0.448430
2016-09-08,0.223209
2016-09-09,-0.222712
2016-09-12,-0.669647
2016-09-13,-0.449438
2016-09-14,-1.354401
2016-09-19,0.686504
2016-09-20,0.000000
2016-09-21,0.227267
2016-09-22,0.680277
2016-09-23,0.000000
2016-09-26,-0.675680
2016-09-27,0.680277
2016-09-28,-0.225230
2016-09-29,0.225739
2016-09-30,-0.225230
2016-10-10,0.677206
2016-10-11,-0.224220
2016-10-12,-0.449438
2016-10-13,-0.225728
2016-10-14,0.000000
2016-10-17,-0.904976
2016-10-18,0.684925
2016-10-19,0.000000
2016-10-20,-0.453514
2016-10-21,0.455580
2016-10-24,0.453514
2016-10-25,0.451467
2016-10-26,-0.674151
2016-10-27,0.000000
2016-10-28,0.452488
2016-10-31,-0.225230
2016-11-01,0.225739
2016-11-02,-0.450450
2016-11-03,0.000000
2016-11-04,-0.226249
2016-11-07,0.000000
2016-11-08,0.680277
2016-11-09,-0.900900
2016-11-10,0.681812
2016-11-11,-0.451467
2016-11-14,-0.226752
2016-11-15,0.000000
2016-11-16,0.000000
2016-11-17,-0.227278
2016-11-18,0.000000
2016-11-21,0.683376
2016-11-22,0.226239
2016-11-23,0.451467
2016-11-24,-0.224714
2016-11-25,1.351350
2016-11-28,1.111115
2016-11-29,0.439560
2016-11-30,-1.094096
2016-12-01,0.000000
2016-12-02,0.000000
2016-12-05,0.884955
2016-12-06,-0.438596
2016-12-07,-0.220259
2016-12-08,0.220745
2016-12-09,1.101326
2016-12-12,0.871459
2016-12-13,-1.511883
2016-12-14,0.219303
2016-12-15,-2.407005
2016-12-16,-0.672651
2016-12-19,0.225739
2016-12-20,-0.675680
2016-12-21,0.226763
2016-12-22,-0.452488
2016-12-23,0.000000
2016-12-26,0.227267
2016-12-27,-0.453514
2016-12-28,-0.455580
2016-12-29,0.228838
2016-12-30,0.684925
2017-01-03,0.453514
2017-01-04,0.000000
2017-01-05,0.225739
2017-01-06,0.000000
2017-01-09,0.450450
2017-01-10,0.000000
2017-01-11,0.224210
2017-01-12,0.000000
2017-01-13,0.447427
2017-01-16,1.336312
2017-01-17,-0.439560
2017-01-18,0.000000
2017-01-19,0.000000
2017-01-20,-0.220756
2017-01-23,0.221244
2017-01-24,0.441501
2017-01-25,0.219775
2017-01-26,0.877192
2017-02-03,-0.869564
2017-02-06,0.000000
2017-02-07,-0.219293
2017-02-08,0.219775
2017-02-09,0.219303
2017-02-10,0.437636
2017-02-13,0.653589
2017-02-14,0.000000
2017-02-15,1.298700
2017-02-16,0.000000
2017-02-17,-0.854700
2017-02-20,0.646556
2017-02-21,0.214127
2017-02-22,0.427350
2017-02-23,0.212771
2017-02-24,-0.212319
2017-02-27,-0.212761
2017-02-28,0.000000
2017-03-01,-0.213225
2017-03-02,-0.213670
2017-03-03,-0.428265
2017-03-06,-0.215059
2017-03-07,0.862068
2017-03-08,0.213680
2017-03-09,0.213214
2017-03-10,0.212771
2017-03-13,0.424628
2017-03-14,0.634254
2017-03-15,-0.210089
2017-03-16,-1.052636
2017-03-17,-0.212761
2017-03-20,0.426439
2017-03-21,0.000000
2017-03-22,-1.061575
2017-03-23,0.214597
2017-03-24,0.428265
2017-03-27,1.279316
2017-03-28,0.000000
2017-03-29,0.631583
2017-03-30,0.627609
2017-03-31,0.623705
2017-04-05,0.206606
2017-04-06,-0.412371
2017-04-07,0.621122
2017-04-10,-0.617288
2017-04-11,-0.621112
2017-04-12,1.041661
2017-04-13,-0.824742
2017-04-14,0.000000
2017-04-17,0.415800
2017-04-18,-0.828156
2017-04-19,-1.043845
2017-04-20,-0.210965
2017-04-21,1.691330
2017-04-24,0.207905
2017-04-25,-0.207474
2017-04-26,1.247400
2017-04-27,0.205344
2017-04-28,0.000000
2017-05-02,-1.229507
2017-05-03,-0.207474
2017-05-04,0.000000
2017-05-05,1.039505
2017-05-08,0.823044
2017-05-09,-0.612249
2017-05-10,0.616021
2017-05-11,0.612239
2017-05-12,2.636919
2017-05-15,0.790513
2017-05-16,-1.960783
2017-05-17,-0.799999
2017-05-18,0.806451
2017-05-19,-0.400000
2017-05-22,1.004020
2017-05-23,1.391644
2017-05-24,0.196083
2017-05-25,0.978468
2017-05-26,1.356593
2017-05-31,0.382409
2017-06-01,1.142856
2017-06-02,-0.188319
2017-06-05,-3.018874
2017-06-06,0.000000
2017-06-07,0.389105
2017-06-08,0.000000
2017-06-09,0.000000
2017-06-12,-0.193794
2017-06-13,0.000000
2017-06-14,0.000000
2017-06-15,-1.941746
2017-06-16,-0.198024
2017-06-19,-0.793650
2017-06-20,0.799999
2017-06-21,0.198417
2017-06-22,0.990093
2017-06-23,0.784313
2017-06-26,-0.583652
2017-06-27,-0.391389
2017-06-28,-0.392927
2017-06-29,2.169618
2017-06-30,1.351355
2017-07-03,-0.190481
2017-07-04,0.190844
2017-07-05,-0.380952
2017-07-06,0.000000
2017-07-07,-0.382409
2017-07-10,0.383877
2017-07-11,1.199999
2017-07-12,0.395257
2017-07-13,1.574802
2017-07-14,0.193803
2017-07-17,3.288203
2017-07-18,-1.123594
2017-07-19,-0.189398
2017-07-20,0.379506
2017-07-21,0.756143
2017-07-24,1.125703
2017-07-25,1.669762
2017-07-26,2.189779
2017-07-27,-1.249995
2017-07-28,0.361663
2017-07-31,-0.720720
2017-08-01,0.907436
2017-08-02,2.517983
2017-08-03,-0.701754
2017-08-04,0.176682
2017-08-07,-0.176371
2017-08-08,0.353357
2017-08-09,-2.464787
2017-08-10,-0.361011
2017-08-11,0.543482
2017-08-14,-1.081089
2017-08-15,2.185799
2017-08-16,0.356506
2017-08-17,-0.177624
2017-08-18,0.000000
2017-08-21,0.177940
2017-08-22,1.065718
2017-08-23,2.811948
2017-08-24,1.196584
2017-08-25,4.054050
2017-08-28,-1.785709
2017-08-29,0.495863
2017-08-30,-1.809213
2017-08-31,-1.172524
2017-09-01,-1.864409
2017-09-04,1.554407
2017-09-05,1.190471
2017-09-06,-0.840331
2017-09-07,-0.338983
2017-09-08,0.340136
2017-09-11,-0.169495
2017-09-12,0.679117
2017-09-13,0.000000
2017-09-14,-0.843166
2017-09-15,-1.870750
2017-09-18,-0.173306
2017-09-19,0.347222
2017-09-20,0.173006
2017-09-21,2.763382
2017-09-22,0.504205
2017-09-25,2.173915
2017-09-26,-0.654664
2017-09-27,-0.823726
2017-09-28,0.498342
2017-09-29,-0.826449
2017-10-09,1.666665
2017-10-10,0.655737
2017-10-11,0.977198
2017-10-12,0.161294
2017-10-13,-1.127217
2017-10-16,1.140068
2017-10-17,-0.966183
2017-10-18,2.113823
2017-10-19,0.955413
2017-10-20,-1.577293
2017-10-23,-0.801277
2017-10-24,0.646203
2017-10-25,-1.123598
2017-10-26,-1.785709
2017-10-27,2.314047
2017-10-30,0.969304
2017-10-31,-2.400002
2017-11-01,-0.163930
2017-11-02,0.000000
2017-11-03,0.164199
2017-11-06,-0.819667
2017-11-07,0.330578
2017-11-08,-0.494237
2017-11-09,-1.655628
2017-11-10,-2.020200
2017-11-13,2.405496
2017-11-14,-0.838929
2017-11-15,0.000000
2017-11-16,-1.015227
2017-11-17,3.076928
2017-11-20,1.326699
2017-11-21,0.163662
2017-11-22,1.797388
2017-11-23,-1.765652
2017-11-24,-0.816989
2017-11-27,-1.482704
2017-11-28,-1.003343
2017-11-29,0.000000
2017-11-30,0.000000
2017-12-01,-0.506760
2017-12-04,0.000000
2017-12-05,1.867574
2017-12-06,-0.500004
2017-12-07,-1.172524
2017-12-08,-0.338983
2017-12-11,0.170064
2017-12-12,-0.848892
2017-12-13,1.027396
2017-12-14,-0.169495
2017-12-15,-0.679117
2017-12-18,1.196584
2017-12-19,1.013512
2017-12-20,-0.167228
2017-12-21,-0.167500
2017-12-22,-0.671140
2017-12-25,1.351350
2017-12-26,1.333332
2017-12-27,-0.493417
2017-12-28,1.487598
2017-12-29,0.977198
2018-01-02,-0.322580
2018-01-03,-0.323624
2018-01-04,-1.461034
2018-01-05,0.164741
2018-01-08,-0.164470
2018-01-09,0.329489
2018-01-10,1.149420
2018-01-11,0.811691
2018-01-12,0.644122
2018-01-15,2.879997
2018-01-16,2.488341
2018-01-17,1.972680
2018-01-18,6.101195
2018-01-19,-0.140256
2018-01-22,0.702250
2018-01-23,4.463036
2018-01-24,-1.201598
2018-01-25,-0.675678
2018-01-26,0.272109
2018-01-29,0.814110
2018-01-30,-2.018837
2018-01-31,2.747250
2018-02-01,2.673794
2018-02-02,-1.041666
2018-02-05,1.973685
2018-02-06,-2.322578
2018-02-07,-5.812418
2018-02-08,-4.347825
2018-02-09,-2.052791
2018-02-12,-1.047900
2018-02-13,2.874434
2018-02-14,1.176469
2018-02-22,1.744184
2018-02-23,0.142860
2018-02-26,0.142650
2018-02-27,-3.276354
2018-02-28,-1.767303
2018-03-01,0.299850
2018-03-02,-0.149480
2018-03-05,-0.898203
2018-03-06,-1.057397
2018-03-07,1.221373
2018-03-08,-1.206635
2018-03-09,0.000000
2018-03-12,-1.068705
2018-03-13,0.308642
2018-03-14,-0.923076
2018-03-15,0.310559
2018-03-16,-1.547986
2018-03-19,0.628930
2018-03-20,2.031252
2018-03-21,-0.612564
2018-03-22,-0.308166
2018-03-23,-2.627506
2018-03-26,-4.444448
2018-03-27,-0.664451
2018-03-28,0.000000
2018-03-29,1.839467
2018-03-30,0.000000
2018-04-02,-2.134649
2018-04-03,-1.342281
2018-04-04,-0.170072
2018-04-09,-0.170353
2018-04-10,4.436856
2018-04-11,1.960783
2018-04-12,-2.564100
2018-04-13,-0.822364
2018-04-16,-3.482588
2018-04-17,-0.515467
2018-04-18,1.554407
2018-04-19,0.680271
2018-04-20,0.000000
2018-04-23,1.689188
2018-04-24,0.996677
2018-04-25,-1.480266
2018-04-26,-0.667779
2018-04-27,0.840339
2018-05-02,-0.333333
2018-05-03,-0.501676
2018-05-04,-0.672268
2018-05-07,0.676818
2018-05-08,0.504205
2018-05-09,0.167220
2018-05-10,0.166949
2018-05-11,1.166670
2018-05-14,0.000000
2018-05-15,0.329489
2018-05-16,-1.477835
2018-05-17,-0.500004
2018-05-18,1.340040
2018-05-21,-0.330578
2018-05-22,-0.995032
2018-05-23,-2.010048
2018-05-24,-1.367520
2018-05-25,0.173314
2018-05-28,-0.346020
2018-05-29,-0.347230
2018-05-30,-1.916370
2018-05-31,0.532855
2018-06-01,-0.353357
2018-06-04,1.063829
2018-06-05,0.000000
2018-06-06,-0.877188
2018-06-07,0.707964
2018-06-08,-1.933218
2018-06-11,0.000000
2018-06-12,0.358423
2018-06-13,-0.357142
2018-06-14,0.716845
2018-06-15,1.423486
2018-06-19,0.701754
2018-06-20,-0.871075
2018-06-21,-0.175751
2018-06-22,-0.176052
2018-06-25,-2.292771
2018-06-26,-2.166063
2018-06-27,-2.029523
2018-06-28,-2.071566
2018-06-29,2.307699
2018-07-02,-4.511282
2018-07-03,1.181101
2018-07-04,0.389105
2018-07-05,1.356593
2018-07-06,1.147226
2018-07-09,4.536867
2018-07-10,-0.180836
2018-07-11,-0.724637
2018-07-12,3.284668
2018-07-13,-1.107010
2018-07-16,-2.425375
2018-07-17,0.000000
2018-07-18,0.000000
2018-07-19,-1.147226
2018-07-20,5.802702
2018-07-23,2.376602
2018-07-24,0.178575
2018-07-25,0.178249
2018-07-26,-1.245546
2018-07-27,-0.180184
2018-07-30,0.902531
2018-07-31,1.073344
2018-08-01,-1.769910
2018-08-02,-1.981984
2018-08-03,0.735293
2018-08-06,0.547449
2018-08-07,1.633388
2018-08-08,-1.607137
2018-08-09,1.088928
2018-08-10,-1.256736
2018-08-13,-1.818180
2018-08-14,-0.370370
2018-08-15,-1.672865
2018-08-16,-0.378072
2018-08-17,-0.189749
2018-08-20,1.901139
2018-08-21,0.746268
2018-08-22,-0.185189
2018-08-23,0.185533
2018-08-24,1.666661
2018-08-27,0.728605
2018-08-28,-0.361663
2018-08-29,-0.362985
2018-08-30,-1.639338
2018-08-31,0.740740
2018-09-03,-0.183828
2018-09-04,0.184166
2018-09-05,-1.654414
2018-09-06,-0.373831
2018-09-07,0.375234
2018-09-10,-0.186911
2018-09-11,0.000000
2018-09-12,-0.936333
2018-09-13,1.512286
2018-09-14,0.000000
2018-09-17,-0.931093
2018-09-18,1.315784
2018-09-19,0.927647
2018-09-20,0.919112
2018-09-21,4.735888
2018-09-25,-1.391303
2018-09-26,0.529096
2018-09-27,-0.175434
2018-09-28,1.405974
2018-10-08,-3.639515
2018-10-09,-0.539563
2018-10-10,0.361663
2018-10-11,-2.702704
2018-10-12,2.407409
2018-10-15,-1.808325
2018-10-16,0.368324
2018-10-17,-0.366972
2018-10-18,-1.473295
2018-10-19,2.429909
2018-10-22,2.737228
2018-10-23,-2.841924
2018-10-24,2.742232
2018-10-25,0.533812
2018-10-26,0.707964
2018-10-29,-1.933218
2018-10-30,0.896061
2018-10-31,0.000000
2018-11-01,-1.065718
2018-11-02,1.256727
2018-11-05,-1.418438
2018-11-06,-0.539563
2018-11-07,-0.180836
2018-11-08,0.181164
2018-11-09,-3.254978
2018-11-12,0.186920
2018-11-13,0.373134
2018-11-14,-1.301118
2018-11-15,0.753295
2018-11-16,-0.186911
2018-11-19,1.310856
2018-11-20,-1.109056
2018-11-21,0.186920
2018-11-22,0.000000
2018-11-23,-0.559705
2018-11-26,0.375234
2018-11-27,-0.373831
2018-11-28,0.375234
2018-11-29,-0.373831
2018-11-30,0.000000
2018-12-03,1.500937
2018-12-04,0.184847
2018-12-05,-0.369003
2018-12-06,-0.925929
2018-12-07,0.000000
2018-12-10,-0.373831
2018-12-11,0.000000
2018-12-12,0.187622
2018-12-13,0.936324
2018-12-14,-0.742114
2018-12-17,0.373831
2018-12-18,-0.372439
2018-12-19,-0.373831
2018-12-20,-1.876171
2018-12-21,-0.764818
2018-12-24,0.578030
2018-12-25,0.191575
2018-12-26,0.764818
2018-12-27,0.189758
2018-12-28,0.189389
2019-01-02,-1.701326
2019-01-03,0.000000
2019-01-04,1.346157
2019-01-07,-0.569264
2019-01-08,-0.763358
2019-01-09,1.153854
2019-01-10,-0.760465
2019-01-11,0.383141
2019-01-14,-0.763358
2019-01-15,0.576927
2019-01-16,0.191200
2019-01-17,0.190844
2019-01-18,2.666664
2019-01-21,1.113171
2019-01-22,-1.100916
2019-01-23,0.927647
2019-01-24,0.367647
2019-01-25,1.098900
2019-01-28,-0.362318
2019-01-29,0.727272
2019-01-30,0.180510
2019-01-31,1.981976
2019-02-01,-0.176674
2019-02-11,-0.176995
2019-02-12,0.177309
2019-02-13,1.061946
2019-02-14,-1.050787
2019-02-15,-2.477874
2019-02-18,1.633388
2019-02-19,-0.535709
2019-02-20,0.000000
2019-02-21,-0.179537
2019-02-22,-0.179852
2019-02-25,6.306304
2019-02-26,-2.203392
2019-02-27,0.693240
2019-02-28,-1.032701
2019-03-01,1.739129
2019-03-04,0.170944
2019-03-05,-0.682593
2019-03-06,0.515459
2019-03-07,-1.538456
2019-03-08,-2.951390
2019-03-11,0.357781
2019-03-12,0.178249
2019-03-13,-0.711743
2019-03-14,-0.179207
2019-03-15,0.179529
2019-03-18,1.254483
2019-03-19,0.000000
2019-03-20,-0.707964
2019-03-21,-0.356506
2019-03-22,-0.178895
2019-03-25,-1.971329
2019-03-26,-0.365630
2019-03-27,1.100925
2019-03-28,-1.088937
2019-03-29,2.201842
2019-04-01,1.256727
2019-04-02,0.354610
2019-04-03,0.706713
2019-04-04,1.929827
2019-04-08,0.172121
2019-04-09,-0.687284
2019-04-10,-0.519035
2019-04-11,-0.347826
2019-04-12,0.000000
2019-04-15,1.396159
2019-04-16,3.270225
2019-04-17,0.166670
2019-04-18,-1.164728
2019-04-19,0.673400
2019-04-22,-2.508363
2019-04-23,-0.343053
2019-04-24,0.000000
2019-04-25,-1.376935
2019-04-26,-0.349040
2019-04-29,1.576185
2019-04-30,0.172409
2019-05-06,-1.549056
2019-05-07,-1.048950
2019-05-08,-1.236744
2019-05-09,-1.252239
2019-05-10,1.630438
2019-05-13,-1.247775
2019-05-14,-0.361011
2019-05-15,0.905801
2019-05-16,0.359066
2019-05-17,-0.357781
2019-05-20,0.718132
2019-05-21,0.534755
2019-05-22,0.177309
2019-05-23,0.000000
2019-05-24,0.884951
2019-05-27,-0.877188
2019-05-28,0.353982
2019-05-29,-0.352733
2019-05-30,0.353982
2019-05-31,-1.058200
2019-06-03,1.604272
2019-06-04,0.526320
2019-06-05,0.523564
2019-06-06,-0.520837
2019-06-10,0.872604
2019-06-11,0.173006
2019-06-12,-0.518130
2019-06-13,-0.520837
2019-06-14,0.174516
2019-06-17,0.000000
2019-06-18,0.000000
2019-06-19,0.696872
2019-06-20,1.038061
2019-06-21,0.171229
2019-06-24,0.512824
2019-06-25,-0.850343
2019-06-26,0.343053
2019-06-27,1.025640
2019-06-28,-0.338409
2019-07-01,0.509341
2019-07-02,0.168915
2019-07-03,-0.176052
2019-07-04,0.176363
2019-07-05,-0.176052
2019-07-08,-1.410933
2019-07-09,-0.178895
2019-07-10,-0.537630
2019-07-11,0.360360
2019-07-12,0.897661
2019-07-15,-0.355872
2019-07-16,0.178575
2019-07-17,-0.891269
2019-07-18,0.179860
2019-07-19,0.538595
2019-07-22,0.714285
2019-07-23,0.354610
2019-07-24,0.530039
2019-07-25,0.000000
2019-07-26,0.000000
2019-07-29,-0.702987
2019-07-30,0.177000
2019-07-31,-0.353400
2019-08-01,-0.531900
2019-08-02,-0.891300
2019-08-05,-1.438800
2019-08-06,-1.277400
2019-08-07,-0.369700
2019-08-08,0.742100
2019-08-09,0.552500
2019-08-12,0.915800
2019-08-13,0.000000
2019-08-14,0.363000
2019-08-15,0.542500
2019-08-16,-1.079100
2019-08-19,-0.545500
2019-08-20,-0.914100
2019-08-21,0.184500
2019-08-22,-0.736600
2019-08-23,0.556600
2019-08-26,-0.738000
2019-08-27,0.743500
2019-08-28,-0.369000
2019-08-29,0.370400
2019-08-30,-0.553500
2019-09-02,0.000000
2019-09-03,0.185500
2019-09-04,1.296300
2019-09-05,0.548400
2019-09-06,0.363600
2019-09-09,-0.181200
2019-09-10,-0.181500
2019-09-11,0.909100
2019-09-12,0.360400
2019-09-16,0.000000
2019-09-17,-1.077200
2019-09-18,-0.181500
2019-09-19,0.000000
2019-09-20,0.545500
2019-09-23,-0.904200
2019-09-24,0.365000
2019-09-25,-0.181800
2019-09-26,1.092900
2019-09-27,-0.180200
2019-09-30,-0.180500
2019-10-08,0.542500
2019-10-09,0.359700
2019-10-10,-0.179200
2019-10-11,1.256700
2019-10-14,1.418400
2019-10-15,0.000000
2019-10-16,0.000000
2019-10-17,-0.174800
2019-10-18,-0.700500
2019-10-21,2.116400
2019-10-22,0.345400
2019-10-23,1.032700
2019-10-24,0.851800
2019-10-25,1.013500
2019-10-28,-0.836100
2019-10-29,-0.337300
2019-10-30,0.676800
2019-10-31,-0.672300
2019-11-01,0.507600
2019-11-04,-0.673400
2019-11-05,0.339000
2019-11-06,1.013500
2019-11-07,-0.501700
2019-11-08,-1.344500
2019-11-11,-1.703600
2019-11-12,0.519900
2019-11-13,-0.344800
2019-11-14,-0.519000
2019-11-15,0.695700
2019-11-18,0.518100
2019-11-19,0.515500
2019-11-20,-0.854700
2019-11-21,-1.206900
2019-11-22,-0.349000
2019-11-25,2.101600
2019-11-26,0.343100
2019-11-27,0.512800
2019-11-28,-0.680300
2019-11-29,-0.856200
2019-12-02,0.345400
2019-12-03,-0.344200
2019-12-04,-0.518100
2019-12-05,0.173600
2019-12-06,-0.346600
2019-12-09,-0.173900
2019-12-10,-0.696900
2019-12-11,0.877200
2019-12-12,-0.173900
2019-12-13,1.393700
2019-12-16,-0.687300
2019-12-17,1.038100
2019-12-18,0.513700
2019-12-19,1.022100
2019-12-20,0.168600
2019-12-23,-1.010100
2019-12-24,-0.340100
2019-12-25,-0.511900
2019-12-26,0.514600
2019-12-27,0.682600
2019-12-30,-0.169500
2019-12-31,-0.169800
