日期,单位净值,复权单位净值,累计单位净值,收盘价,涨跌幅(%),申购状态
2020/7/31,1.291,17.8597,4.918,--,5.73,开放申购|开放赎回
2020/7/24,1.221,16.8914,4.848,--,-0.65,开放申购|开放赎回
2020/7/17,1.229,17.002,4.856,--,-0.24,开放申购|开放赎回
2020/7/10,1.232,17.0435,4.859,--,5.48,开放申购|开放赎回
2020/7/3,1.168,16.1582,4.795,--,5.42,开放申购|开放赎回
2020/6/24,1.108,15.3281,4.735,--,0.76,开放申购|开放赎回
2020/6/19,1.368,15.2123,4.728,--,2.93,暂停大额申购|开放赎回
2020/6/12,1.329,14.7786,4.689,--,0.68,暂停大额申购|开放赎回
2020/6/5,1.32,14.6785,4.68,--,0.69,暂停大额申购|开放赎回
2020/5/29,1.311,14.5784,4.671,--,2.9,暂停大额申购|开放赎回
2020/5/22,1.274,14.167,4.634,--,-0.78,开放申购|开放赎回
2020/5/15,1.284,14.2782,4.644,--,0.31,开放申购|开放赎回
2020/5/8,1.28,14.2337,4.64,--,2.65,开放申购|开放赎回
2020/4/30,1.247,13.8667,4.607,--,0.16,开放申购|开放赎回
2020/4/24,1.245,13.8445,4.605,--,1.97,开放申购|开放赎回
2020/4/17,1.221,13.5776,4.581,--,1.5,开放申购|开放赎回
2020/4/10,1.203,13.3775,4.563,--,1.52,开放申购|开放赎回
2020/4/3,1.185,13.1773,4.545,--,2.78,开放申购|开放赎回
2020/3/27,1.153,12.8215,4.513,--,2.85,开放申购|开放赎回
2020/3/20,1.121,12.4656,4.481,--,-3.28,开放申购|开放赎回
2020/3/13,1.159,12.8882,4.519,--,-3.9,开放申购|开放赎回
2020/3/6,1.206,13.4108,4.566,--,4.78,开放申购|开放赎回
2020/2/28,1.151,12.7992,4.511,--,-0.52,开放申购|开放赎回
2020/2/21,1.157,12.8659,4.517,--,3.21,开放申购|开放赎回
2020/2/14,1.121,12.4656,4.481,--,3.22,开放申购|开放赎回
2020/2/7,1.086,12.0764,4.446,--,0,开放申购|开放赎回
2020/1/23,1.086,12.0764,4.446,--,-3.47,开放申购|开放赎回
2020/1/17,1.125,12.5101,4.485,--,-0.62,开放申购|开放赎回
2020/1/10,1.132,12.5879,4.492,--,2.17,开放申购|开放赎回
2020/1/3,1.108,12.3211,4.468,--,1.37,开放申购|开放赎回
2019/12/27,1.093,12.1543,4.453,--,0.37,开放申购|开放赎回
2019/12/20,1.089,12.1098,4.449,--,-0.46,开放申购|开放赎回
2019/12/13,1.094,12.1654,4.454,--,-0.09,开放申购|开放赎回
2019/12/6,1.095,12.1765,4.455,--,2.34,开放申购|开放赎回
2019/11/29,1.07,11.8985,4.43,--,-1.83,开放申购|开放赎回
2019/11/22,1.09,12.1209,4.45,--,-1.27,开放申购|开放赎回
2019/11/15,1.104,12.2766,4.464,--,-0.81,开放申购|开放赎回
2019/11/8,1.113,12.3767,4.473,--,0.72,开放申购|开放赎回
2019/11/1,1.105,12.2877,4.465,--,1.01,开放申购|开放赎回
2019/10/25,1.094,12.1654,4.454,--,1.67,开放申购|开放赎回
2019/10/18,1.076,11.9652,4.436,--,0.28,开放申购|开放赎回
2019/10/11,1.073,11.9319,4.433,--,3.17,开放申购|开放赎回
2019/9/30,1.04,11.5649,4.4,--,-0.38,开放申购|开放赎回
2019/9/27,1.044,11.6094,4.404,--,-0.85,开放申购|开放赎回
2019/9/20,1.053,11.7094,4.413,--,0.57,开放申购|开放赎回
2019/9/12,1.422,11.6432,4.411,--,-0.63,暂停大额申购|开放赎回
2019/9/6,1.431,11.7169,4.42,--,0.99,暂停大额申购|开放赎回
2019/8/30,1.417,11.6023,4.406,--,0.64,暂停大额申购|开放赎回
2019/8/23,1.408,11.5286,4.397,--,1.88,暂停大额申购|开放赎回
2019/8/16,1.382,11.3157,4.371,--,1.92,暂停大额申购|开放赎回
2019/8/9,1.356,11.1028,4.345,--,-1.45,开放申购|开放赎回
2019/8/2,1.376,11.2666,4.365,--,-0.94,开放申购|开放赎回
2019/7/26,1.389,11.373,4.378,--,1.83,开放申购|开放赎回
2019/7/19,1.364,11.1683,4.353,--,0.15,开放申购|开放赎回
2019/7/12,1.362,11.152,4.351,--,-0.29,开放申购|开放赎回
2019/7/5,1.366,11.1847,4.355,--,1.41,开放申购|开放赎回
2019/6/28,1.347,11.0291,4.336,--,1.2,开放申购|开放赎回
2019/6/21,1.331,10.8981,4.32,--,3.42,开放申购|开放赎回
2019/6/14,1.287,10.5379,4.276,--,2.96,开放申购|开放赎回
2019/6/6,1.25,10.2349,4.239,--,-3.99,开放申购|开放赎回
2019/5/31,1.302,10.6607,4.291,--,4.41,开放申购|开放赎回
2019/5/24,1.247,10.2103,4.236,--,-2.96,开放申购|开放赎回
2019/5/17,1.285,10.5215,4.274,--,-0.93,开放申购|开放赎回
2019/5/10,1.297,10.6197,4.286,--,-3.35,开放申购|开放赎回
2019/4/30,1.342,10.9882,4.331,--,1.05,开放申购|开放赎回
2019/4/26,1.328,10.8736,4.317,--,-0.82,开放申购|开放赎回
2019/4/19,1.339,10.9636,4.328,--,2.76,开放申购|开放赎回
2019/4/12,1.303,10.6689,4.292,--,-1.96,开放申购|开放赎回
2019/4/4,1.329,10.8818,4.318,--,5.14,开放申购|开放赎回
2019/3/29,1.264,10.3495,4.253,--,2.93,开放申购|开放赎回
2019/3/22,1.228,10.0548,4.217,--,1.91,开放申购|开放赎回
2019/3/15,1.205,9.8664,4.194,--,0.58,开放申购|开放赎回
2019/3/8,1.198,9.8091,4.187,--,0.84,开放申购|开放赎回
2019/3/1,1.188,9.7273,4.177,--,3.94,开放申购|开放赎回
2019/2/22,1.143,9.3588,4.132,--,5.93,开放申购|开放赎回
2019/2/15,1.079,8.8348,4.068,--,3.55,开放申购|开放赎回
2019/2/1,1.042,8.5318,4.031,--,1.56,开放申购|开放赎回
2019/1/25,1.026,8.4008,4.015,--,0.29,开放申购|开放赎回
2019/1/18,1.023,8.3762,4.012,--,1.39,开放申购|开放赎回
2019/1/11,1.009,8.2616,3.998,--,2.33,开放申购|开放赎回
2019/1/4,0.986,8.0733,3.975,--,0.92,开放申购|开放赎回
2018/12/28,0.977,7.9996,3.966,--,0,开放申购|开放赎回
2018/12/21,0.977,7.9996,3.966,--,-2.88,开放申购|开放赎回
2018/12/14,1.006,8.2371,3.995,--,-0.2,开放申购|开放赎回
2018/12/7,1.008,8.2534,3.997,--,0,开放申购|开放赎回
2018/11/30,1.008,8.2534,3.997,--,1,开放申购|开放赎回
2018/11/23,0.998,8.1715,3.987,--,-3.39,开放申购|开放赎回
2018/11/16,1.033,8.4581,4.022,--,3.4,开放申购|开放赎回
2018/11/9,0.999,8.1797,3.988,--,-1.87,开放申购|开放赎回
2018/11/2,1.018,8.3353,4.007,--,3.67,开放申购|开放赎回
2018/10/26,0.982,8.0405,3.971,--,1.24,开放申购|开放赎回
2018/10/19,0.97,7.9423,3.959,--,-1.82,开放申购|开放赎回
2018/10/12,0.988,8.0897,3.977,--,-6.08,开放申购|开放赎回
2018/9/30,1.052,8.6137,4.041,--,0,开放申购|开放赎回
2018/9/28,1.052,8.6137,4.041,--,-0.75,开放申购|开放赎回
2018/9/21,1.06,8.6792,4.049,--,3.52,开放申购|开放赎回
2018/9/14,1.024,8.3844,4.013,--,-2.38,开放申购|开放赎回
2018/9/7,1.049,8.5891,4.038,--,-0.85,开放申购|开放赎回
2018/8/31,1.058,8.6628,4.047,--,0.47,开放申购|开放赎回
2018/8/24,1.053,8.6219,4.042,--,1.35,开放申购|开放赎回
2018/8/17,1.039,8.5073,4.028,--,-2.99,开放申购|开放赎回
2018/8/10,1.071,8.7693,4.06,--,1.23,开放申购|开放赎回
2018/8/3,1.058,8.6628,4.047,--,-3.99,开放申购|开放赎回
2018/7/27,1.102,9.0231,4.091,--,1.01,开放申购|开放赎回
2018/7/20,1.091,8.933,4.08,--,-0.09,开放申购|开放赎回
2018/7/13,1.092,8.9412,4.081,--,3.12,开放申购|开放赎回
2018/7/6,1.059,8.671,4.048,--,-2.75,开放申购|开放赎回
2018/6/29,1.089,8.9166,4.078,--,-1.45,开放申购|开放赎回
2018/6/22,1.105,9.0477,4.094,--,-2.04,开放申购|开放赎回
2018/6/15,1.128,9.236,4.117,--,-1.48,开放申购|开放赎回
2018/6/8,1.145,9.3752,4.134,--,2.78,开放申购|开放赎回
2018/6/1,1.114,9.1213,4.103,--,-1.76,开放申购|开放赎回
2018/5/25,1.134,9.2851,4.123,--,-1.73,开放申购|开放赎回
2018/5/18,1.154,9.4489,4.143,--,0.52,开放申购|开放赎回
2018/5/11,1.148,9.3997,4.137,--,0.44,开放申购|开放赎回
2018/5/4,1.143,9.3588,4.132,--,0.35,开放申购|开放赎回
2018/4/27,1.139,9.326,4.128,--,-0.52,开放申购|开放赎回
2018/4/20,1.145,9.3752,4.134,--,-0.87,开放申购|开放赎回
2018/4/13,1.155,9.4571,4.144,--,0.87,开放申购|开放赎回
2018/4/4,1.145,9.3752,4.134,--,-1.63,开放申购|开放赎回
2018/3/30,1.164,9.5307,4.153,--,3.1,开放申购|开放赎回
2018/3/23,1.129,9.2442,4.118,--,-5.52,开放申购|开放赎回
2018/3/16,1.195,9.7846,4.184,--,-0.42,开放申购|开放赎回
2018/3/9,1.2,9.8255,4.189,--,1.52,开放申购|开放赎回
2018/3/2,1.182,9.6781,4.171,--,-0.25,开放申购|开放赎回
2018/2/23,1.185,9.7027,4.174,--,3.49,开放申购|开放赎回
2018/2/14,1.145,9.3752,4.134,--,4.19,开放申购|开放赎回
2018/2/9,1.099,8.9985,4.088,--,-7.88,开放申购|开放赎回
2018/2/2,1.193,9.7682,4.182,--,-0.83,开放申购|开放赎回
2018/1/26,1.203,9.8501,4.192,--,0.84,开放申购|开放赎回
2018/1/19,1.193,9.7682,4.182,--,-1.73,开放申购|开放赎回
2018/1/12,1.214,9.9401,4.203,--,-0.82,开放申购|开放赎回
2018/1/5,1.224,10.022,4.213,--,2.43,开放申购|开放赎回
2017/12/29,1.195,9.7846,4.184,--,-0.58,开放申购|开放赎回
2017/12/22,1.202,9.8419,4.191,--,2.21,开放申购|开放赎回
2017/12/15,1.176,9.629,4.165,--,0.17,开放申购|开放赎回
2017/12/8,1.174,9.6126,4.163,--,-0.34,开放申购|开放赎回
2017/12/1,1.178,9.6454,4.167,--,0.94,开放申购|开放赎回
2017/11/24,1.167,9.5553,4.156,--,-1.6,开放申购|开放赎回
2017/11/17,1.186,9.7109,4.175,--,-0.17,开放申购|开放赎回
2017/11/10,1.188,9.7273,4.177,--,3.13,开放申购|开放赎回
2017/11/3,1.152,9.4325,4.141,--,-1.62,开放申购|开放赎回
2017/10/27,1.171,9.5881,4.16,--,1.21,开放申购|开放赎回
2017/10/20,1.157,9.4734,4.146,--,-1.28,开放申购|开放赎回
2017/10/13,1.172,9.5962,4.161,--,0.51,开放申购|开放赎回
2017/9/30,1.166,9.5471,4.155,--,0,开放申购|开放赎回
2017/9/29,1.166,9.5471,4.155,--,1.3,开放申购|开放赎回
2017/9/22,1.151,9.4243,4.14,--,-2.21,开放申购|开放赎回
2017/9/15,1.177,9.6372,4.166,--,-0.42,开放申购|开放赎回
2017/9/8,1.182,9.6781,4.171,--,0.6,开放申购|开放赎回
2017/9/1,1.175,9.6208,4.164,--,3.98,开放申购|开放赎回
2017/8/25,1.13,9.2524,4.119,--,1.62,开放申购|开放赎回
2017/8/18,1.112,9.105,4.101,--,1.55,开放申购|开放赎回
2017/8/11,1.095,8.9658,4.084,--,-2.23,开放申购|开放赎回
2017/8/4,1.12,9.1705,4.109,--,0.27,开放申购|开放赎回
2017/7/28,1.117,9.1459,4.106,--,-0.45,开放申购|开放赎回
2017/7/21,1.122,9.1869,4.111,--,0.9,开放申购|开放赎回
2017/7/14,1.112,9.105,4.101,--,-2.46,开放申购|开放赎回
2017/7/7,1.14,9.3342,4.129,--,1.24,开放申购|开放赎回
2017/6/30,1.126,9.2196,4.115,--,1.35,开放申购|开放赎回
2017/6/23,1.111,9.0968,4.1,--,0.82,开放申购|开放赎回
2017/6/16,1.102,9.0231,4.091,--,0.82,开放申购|开放赎回
2017/6/9,1.093,8.9494,4.082,--,4.19,开放申购|开放赎回
2017/6/2,1.049,8.5891,4.038,--,-1.32,开放申购|开放赎回
2017/5/26,1.063,8.7038,4.052,--,-1.67,开放申购|开放赎回
2017/5/19,1.081,8.8511,4.07,--,0.93,开放申购|开放赎回
2017/5/12,1.071,8.7693,4.06,--,-1.47,开放申购|开放赎回
2017/5/5,1.087,8.9003,4.076,--,-1.63,开放申购|开放赎回
2017/4/28,1.105,9.0477,4.094,--,-0.54,开放申购|开放赎回
2017/4/21,1.111,9.0968,4.1,--,-3.14,开放申购|开放赎回
2017/4/14,1.147,9.3915,4.136,--,-1.29,开放申购|开放赎回
2017/4/7,1.162,9.5144,4.151,--,2.83,开放申购|开放赎回
2017/3/31,1.13,9.2524,4.119,--,-2.08,开放申购|开放赎回
2017/3/24,1.154,9.4489,4.143,--,-0.09,开放申购|开放赎回
2017/3/17,1.155,9.4571,4.144,--,0.7,开放申购|开放赎回
2017/3/10,1.147,9.3915,4.136,--,-0.09,开放申购|开放赎回
2017/3/3,1.148,9.3997,4.137,--,-0.09,开放申购|开放赎回
2017/2/24,1.149,9.4079,4.138,--,2.04,开放申购|开放赎回
2017/2/17,1.126,9.2196,4.115,--,-0.62,开放申购|开放赎回
2017/2/10,1.133,9.2769,4.122,--,1.71,开放申购|开放赎回
2017/2/3,1.114,9.1213,4.103,--,-0.36,开放申购|开放赎回
2017/1/26,1.118,9.1541,4.107,--,1.54,开放申购|开放赎回
2017/1/20,1.101,9.0149,4.09,--,-1.78,开放申购|开放赎回
2017/1/13,1.121,9.1787,4.11,--,-1.06,开放申购|开放赎回
2017/1/6,1.133,9.2769,4.122,--,0.27,开放申购|开放赎回
2016/12/30,1.13,9.2524,4.119,--,-0.18,开放申购|开放赎回
2016/12/23,1.132,9.2687,4.121,--,-1.14,开放申购|开放赎回
2016/12/16,1.145,9.3752,4.134,--,-3.29,开放申购|开放赎回
2016/12/9,1.184,9.6945,4.173,--,0.25,开放申购|开放赎回
2016/12/2,1.181,9.6699,4.17,--,-2.56,开放申购|开放赎回
2016/11/25,1.212,9.9238,4.201,--,0.58,开放申购|开放赎回
2016/11/18,1.205,9.8664,4.194,--,-0.33,开放申购|开放赎回
2016/11/11,1.209,9.8992,4.198,--,2.11,开放申购|开放赎回
2016/11/4,1.184,9.6945,4.173,--,1.2,开放申购|开放赎回
2016/10/28,1.17,9.5799,4.159,--,-0.09,开放申购|开放赎回
2016/10/21,1.171,9.5881,4.16,--,0.77,开放申购|开放赎回
2016/10/14,1.162,9.5144,4.151,--,1.31,开放申购|开放赎回
2016/9/30,1.147,9.3915,4.136,--,-0.52,开放申购|开放赎回
2016/9/23,1.153,9.4407,4.142,--,1.05,开放申购|开放赎回
2016/9/14,1.141,9.3424,4.13,--,-2.06,开放申购|开放赎回
2016/9/9,1.165,9.5389,4.154,--,0.78,开放申购|开放赎回
2016/9/2,1.156,9.4652,4.145,--,-1.7,开放申购|开放赎回
2016/8/26,1.176,9.629,4.165,--,-1.26,开放申购|开放赎回
2016/8/19,1.191,9.7518,4.18,--,2.94,开放申购|开放赎回
2016/8/12,1.157,9.4734,4.146,--,0.78,开放申购|开放赎回
2016/8/5,1.148,9.3997,4.137,--,-0.09,开放申购|开放赎回
2016/7/29,1.149,9.4079,4.138,--,-3.85,开放申购|开放赎回
2016/7/22,1.195,9.7846,4.184,--,-0.08,开放申购|开放赎回
2016/7/15,1.196,9.7928,4.185,--,1.53,开放申购|开放赎回
2016/7/8,1.178,9.6454,4.167,--,1.99,开放申购|开放赎回
2016/7/1,1.155,9.4571,4.144,--,2.94,开放申购|开放赎回
2016/6/24,1.122,9.1869,4.111,--,0.9,开放申购|开放赎回
2016/6/17,1.112,9.105,4.101,--,-0.98,开放申购|开放赎回
2016/6/8,1.123,9.195,4.112,--,-0.44,开放申购|开放赎回
2016/6/3,1.128,9.236,4.117,--,6.92,开放申购|开放赎回
2016/5/27,1.055,8.6383,4.044,--,1.34,开放申购|开放赎回
2016/5/20,1.041,8.5236,4.03,--,1.07,开放申购|开放赎回
2016/5/13,1.03,8.4336,4.019,--,-3.74,开放申购|开放赎回
2016/5/6,1.07,8.7611,4.059,--,1.23,开放申购|开放赎回
2016/4/29,1.057,8.6546,4.046,--,-0.09,开放申购|开放赎回
2016/4/22,1.058,8.6628,4.047,--,-5.03,开放申购|开放赎回
2016/4/15,1.114,9.1213,4.103,--,4.4,开放申购|开放赎回
2016/4/8,1.067,8.7365,4.056,--,-0.37,开放申购|开放赎回
2016/4/1,1.071,8.7693,4.06,--,0.37,开放申购|开放赎回
2016/3/25,1.067,8.7365,4.056,--,3.49,开放申购|开放赎回
2016/3/18,1.031,8.4417,4.02,--,10.74,暂停大额申购|开放赎回
2016/3/11,0.931,7.623,3.92,--,-1.69,暂停大额申购|开放赎回
2016/3/4,0.947,7.754,3.936,--,-3.47,暂停大额申购|开放赎回
2016/2/26,0.981,8.0324,3.97,--,-9,暂停大额申购|开放赎回
2016/2/19,1.078,8.8266,4.067,--,6.1,暂停大额申购|开放赎回
2016/2/5,1.016,8.3189,4.005,--,6.28,开放申购|开放赎回
2016/1/29,0.956,7.8277,3.945,--,-4.59,开放申购|开放赎回
2016/1/22,1.45,8.2039,4.003,--,-0.41,开放申购|开放赎回
2016/1/15,1.456,8.2378,4.009,--,-9.34,开放申购|开放赎回
2016/1/8,1.606,9.0865,4.159,--,-14.48,开放申购|开放赎回
2015/12/31,1.878,10.6254,4.431,--,-1,开放申购|开放赎回
2015/12/25,1.897,10.7329,4.45,--,1.44,开放申购|开放赎回
2015/12/18,1.87,10.5802,4.423,--,6.19,开放申购|开放赎回
2015/12/11,1.761,9.9635,4.314,--,-2.11,开放申购|开放赎回
2015/12/4,1.799,10.1785,4.352,--,1.93,开放申购|开放赎回
2015/11/27,1.765,9.9861,4.318,--,-4.18,开放申购|开放赎回
2015/11/20,1.842,10.4218,4.395,--,3.14,开放申购|开放赎回
2015/11/13,1.786,10.1049,4.339,--,0.39,开放申购|开放赎回
2015/11/6,1.779,10.0653,4.332,--,7.69,开放申购|开放赎回
2015/10/30,1.652,9.3468,4.205,--,0.61,开放申购|开放赎回
2015/10/23,1.642,9.2902,4.195,--,3.4,开放申购|开放赎回
2015/10/16,1.588,8.9847,4.141,--,7.95,开放申购|开放赎回
2015/10/9,1.471,8.3227,4.024,--,4.62,开放申购|开放赎回
2015/9/30,1.406,7.9549,3.959,--,2.78,开放申购|开放赎回
2015/9/25,1.368,7.7399,3.921,--,1.33,开放申购|开放赎回
2015/9/18,1.35,7.6381,3.903,--,-4.05,开放申购|开放赎回
2015/9/11,1.407,7.9606,3.96,--,4.69,开放申购|开放赎回
2015/9/2,1.344,7.6041,3.897,--,-7.05,开放申购|开放赎回
2015/8/28,1.446,8.1813,3.999,--,-9.34,开放申购|开放赎回
2015/8/21,1.595,9.0243,4.148,--,-10.54,开放申购|开放赎回
2015/8/14,1.783,10.0879,4.336,--,6,开放申购|开放赎回
2015/8/7,1.682,9.5165,4.235,--,1.69,开放申购|开放赎回
2015/7/31,1.654,9.3581,4.207,--,-7.13,开放申购|开放赎回
2015/7/24,1.781,10.0766,4.334,--,3.49,开放申购|开放赎回
2015/7/17,1.721,9.7372,4.274,--,9.13,开放申购|开放赎回
2015/7/10,1.577,8.9224,4.13,--,-0.82,开放申购|开放赎回
2015/7/3,1.59,8.996,4.143,--,-10.57,开放申购|开放赎回
2015/6/26,1.778,10.0597,4.331,--,-8.87,开放申购|开放赎回
2015/6/19,1.951,11.0385,4.504,--,-12.24,开放申购|开放赎回
2015/6/12,2.223,12.5774,4.776,--,3.2,开放申购|开放赎回
2015/6/5,2.154,12.187,4.707,--,7.27,开放申购|开放赎回
2015/5/29,2.008,11.361,4.561,--,-1.38,开放申购|开放赎回
2015/5/22,2.036,11.5194,4.589,--,10.47,开放申购|开放赎回
2015/5/15,1.843,10.4274,4.396,--,4.24,开放申购|开放赎回
2015/5/8,1.768,10.0031,4.321,--,-0.62,开放申购|开放赎回
2015/4/30,1.779,10.0653,4.332,--,0.85,开放申购|开放赎回
2015/4/24,1.764,9.9804,4.317,--,3.1,开放申购|开放赎回
2015/4/17,1.711,9.6806,4.264,--,-1.72,开放申购|开放赎回
2015/4/10,1.741,9.8503,4.294,--,2.41,开放申购|开放赎回
2015/4/3,1.7,9.6183,4.253,--,6.99,开放申购|开放赎回
2015/3/27,1.589,8.9903,4.142,--,3,开放申购|开放赎回
2015/3/20,1.763,8.7284,4.088,--,4.82,开放申购|开放赎回
2015/3/13,1.682,8.3273,4.007,--,4.21,开放申购|开放赎回
2015/3/6,1.614,7.9907,3.939,--,-0.43,开放申购|开放赎回
2015/2/27,1.621,8.0253,3.946,--,0.43,开放申购|开放赎回
2015/2/17,1.614,7.9907,3.939,--,1.64,开放申购|开放赎回
2015/2/13,1.588,7.862,3.913,--,3.99,开放申购|开放赎回
2015/2/6,1.527,7.5599,3.852,--,-1.42,开放申购|开放赎回
2015/1/30,1.549,7.6689,3.874,--,-3.13,开放申购|开放赎回
2015/1/23,1.599,7.9164,3.924,--,-0.44,开放申购|开放赎回
2015/1/16,1.606,7.9511,3.931,--,4.35,开放申购|开放赎回
2015/1/9,1.539,7.6194,3.864,--,3.22,开放申购|开放赎回
2014/12/31,1.491,7.3817,3.816,--,1.91,开放申购|开放赎回
2014/12/26,1.463,7.2431,3.788,--,0.62,开放申购|开放赎回
2014/12/19,1.454,7.1985,3.779,--,2.47,开放申购|开放赎回
2014/12/12,1.419,7.0253,3.744,--,0.07,开放申购|开放赎回
2014/12/5,1.418,7.0203,3.743,--,4.5,开放申购|开放赎回
2014/11/28,1.357,6.7183,3.682,--,5.6,开放申购|开放赎回
2014/11/21,1.285,6.3618,3.61,--,1.34,开放申购|开放赎回
2014/11/14,1.268,6.2777,3.593,--,0.56,开放申购|开放赎回
2014/11/7,1.261,6.243,3.586,--,0.08,开放申购|开放赎回
2014/10/31,1.26,6.2381,3.585,--,3.28,开放申购|开放赎回
2014/10/24,1.22,6.04,3.545,--,-1.37,开放申购|开放赎回
2014/10/17,1.237,6.1242,3.562,--,-1.43,开放申购|开放赎回
2014/10/10,1.255,6.2133,3.58,--,0.08,开放申购|开放赎回
2014/9/30,1.254,6.2084,3.579,--,1.7,开放申购|开放赎回
2014/9/26,1.233,6.1044,3.558,--,1.15,开放申购|开放赎回
2014/9/19,1.219,6.0351,3.544,--,-1.14,开放申购|开放赎回
2014/9/12,1.233,6.1044,3.558,--,0.82,开放申购|开放赎回
2014/9/5,1.223,6.0549,3.548,--,4,开放申购|开放赎回
2014/8/29,1.176,5.8222,3.501,--,-1.34,开放申购|开放赎回
2014/8/22,1.192,5.9014,3.517,--,1.45,开放申购|开放赎回
2014/8/15,1.175,5.8172,3.5,--,1.38,开放申购|开放赎回
2014/8/8,1.159,5.738,3.484,--,1.13,开放申购|开放赎回
2014/8/1,1.146,5.6737,3.471,--,2.41,开放申购|开放赎回
2014/7/25,1.119,5.54,3.444,--,1.45,开放申购|开放赎回
2014/7/18,1.103,5.4608,3.428,--,-0.27,开放申购|开放赎回
2014/7/11,1.106,5.4756,3.431,--,-1.07,开放申购|开放赎回
2014/7/4,1.118,5.5351,3.443,--,0.99,开放申购|开放赎回
2014/6/27,1.107,5.4806,3.432,--,1.84,开放申购|开放赎回
2014/6/20,1.087,5.3816,3.412,--,-1.27,开放申购|开放赎回
2014/6/13,1.101,5.4509,3.426,--,1.85,开放申购|开放赎回
2014/6/6,1.081,5.3519,3.406,--,0,开放申购|开放赎回
2014/5/30,1.081,5.3519,3.406,--,0.56,开放申购|开放赎回
2014/5/23,1.075,5.3222,3.4,--,0.94,开放申购|开放赎回
2014/5/16,1.065,5.2727,3.39,--,0,开放申购|开放赎回
2014/5/9,1.065,5.2727,3.39,--,-1.02,开放申购|开放赎回
2014/4/30,1.076,5.3271,3.401,--,0.09,开放申购|开放赎回
2014/4/25,1.075,5.3222,3.4,--,-2.54,开放申购|开放赎回
2014/4/18,1.103,5.4608,3.428,--,-0.09,开放申购|开放赎回
2014/4/11,1.104,5.4657,3.429,--,1.19,开放申购|开放赎回
2014/4/4,1.091,5.4014,3.416,--,1.96,开放申购|开放赎回
2014/3/28,1.07,5.2974,3.395,--,-1.11,开放申购|开放赎回
2014/3/21,1.082,5.3568,3.407,--,0.09,开放申购|开放赎回
2014/3/14,1.081,5.3519,3.406,--,-1.82,开放申购|开放赎回
2014/3/7,1.101,5.4509,3.426,--,0.27,开放申购|开放赎回
2014/2/28,1.098,5.436,3.423,--,-3.51,开放申购|开放赎回
2014/2/21,1.138,5.6341,3.463,--,0.09,开放申购|开放赎回
2014/2/14,1.137,5.6291,3.462,--,1.88,开放申购|开放赎回
2014/2/7,1.116,5.5251,3.441,--,1.09,开放申购|开放赎回
2014/1/30,1.104,5.4657,3.429,--,-0.54,开放申购|开放赎回
2014/1/24,1.11,5.4954,3.435,--,3.74,开放申购|开放赎回
2014/1/17,1.07,5.2974,3.395,--,0.28,开放申购|开放赎回
2014/1/10,1.067,5.2826,3.392,--,-3.79,开放申购|开放赎回
2014/1/3,1.109,5.4905,3.434,--,0.82,开放申购|开放赎回
2013/12/27,1.1,5.4459,3.425,--,2.33,开放申购|开放赎回
2013/12/20,1.075,5.3222,3.4,--,-3.33,开放申购|开放赎回
2013/12/13,1.112,5.5053,3.437,--,0.45,开放申购|开放赎回
2013/12/6,1.107,5.4806,3.432,--,-1.86,开放申购|开放赎回
2013/11/29,1.128,5.5846,3.453,--,2.36,开放申购|开放赎回
2013/11/22,1.102,5.4558,3.427,--,0.82,开放申购|开放赎回
2013/11/15,1.093,5.4113,3.418,--,3.7,开放申购|开放赎回
2013/11/8,1.054,5.2182,3.379,--,-2.32,开放申购|开放赎回
2013/11/1,1.079,5.342,3.404,--,-0.92,开放申购|开放赎回
2013/10/25,1.089,5.3915,3.414,--,-3.2,开放申购|开放赎回
2013/10/18,1.125,5.5697,3.45,--,-1.32,开放申购|开放赎回
2013/10/11,1.14,5.644,3.465,--,2.06,开放申购|开放赎回
2013/9/30,1.117,5.5301,3.442,--,0.81,开放申购|开放赎回
2013/9/27,1.108,5.4855,3.433,--,0.82,开放申购|开放赎回
2013/9/18,1.099,5.441,3.424,--,-0.54,开放申购|开放赎回
2013/9/13,1.105,5.4707,3.43,--,0.91,开放申购|开放赎回
2013/9/6,1.095,5.4212,3.42,--,2.43,开放申购|开放赎回
2013/8/30,1.069,5.2925,3.394,--,-0.93,开放申购|开放赎回
2013/8/23,1.079,5.342,3.404,--,1.51,开放申购|开放赎回
2013/8/16,1.063,5.2628,3.388,--,-2.21,开放申购|开放赎回
2013/8/9,1.087,5.3816,3.412,--,1.78,开放申购|开放赎回
2013/8/2,1.068,5.2875,3.393,--,1.42,开放申购|开放赎回
2013/7/26,1.053,5.2132,3.378,--,2.03,开放申购|开放赎回
2013/7/19,1.032,5.1093,3.357,--,-0.29,开放申购|开放赎回
2013/7/12,1.035,5.1241,3.36,--,0.98,开放申购|开放赎回
2013/7/5,1.025,5.0746,3.35,--,2.4,开放申购|开放赎回
2013/6/28,1.001,4.9558,3.326,--,-1.86,开放申购|开放赎回
2013/6/21,1.02,5.0499,3.345,--,-2.11,开放申购|开放赎回
2013/6/14,1.042,5.1588,3.367,--,-0.29,开放申购|开放赎回
2013/6/7,1.045,5.1736,3.37,--,-3.42,开放申购|开放赎回
2013/5/31,1.082,5.3568,3.407,--,0.74,开放申购|开放赎回
2013/5/24,1.074,5.3172,3.399,--,0.66,开放申购|开放赎回
2013/5/17,1.067,5.2826,3.392,--,2.79,开放申购|开放赎回
2013/5/10,1.038,5.139,3.363,--,1.67,开放申购|开放赎回
2013/5/3,1.021,5.0548,3.346,--,1.69,开放申购|开放赎回
2013/4/26,1.004,4.9707,3.329,--,-3,开放申购|开放赎回
2013/4/19,1.035,5.1241,3.36,--,2.37,开放申购|开放赎回
2013/4/12,1.011,5.0053,3.336,--,0.6,开放申购|开放赎回
2013/4/3,1.005,4.9756,3.33,--,-1.28,开放申购|开放赎回
2013/3/29,1.018,5.04,3.343,--,-2.58,开放申购|开放赎回
2013/3/22,1.045,5.1736,3.37,--,2.55,开放申购|开放赎回
2013/3/15,1.019,5.0449,3.344,--,-1.83,开放申购|开放赎回
2013/3/8,1.038,5.139,3.363,--,-1.52,开放申购|开放赎回
2013/3/1,1.054,5.2182,3.379,--,1.35,开放申购|开放赎回
2013/2/22,1.04,5.1489,3.365,--,-3.26,开放申购|开放赎回
2013/2/8,1.075,5.3222,3.4,--,2.38,开放申购|开放赎回
2013/2/1,1.05,5.1984,3.375,--,3.04,开放申购|开放赎回
2013/1/25,1.019,5.0449,3.344,--,-1.64,开放申购|开放赎回
2013/1/18,1.036,5.1291,3.361,--,3.29,开放申购|开放赎回
2013/1/11,1.003,4.9657,3.328,--,-0.3,开放申购|开放赎回
2013/1/4,1.006,4.9806,3.331,--,1.41,开放申购|开放赎回
2012/12/28,0.992,4.9112,3.317,--,2.8,开放申购|开放赎回
2012/12/21,0.965,4.7776,3.29,--,0.31,开放申购|开放赎回
2012/12/14,0.962,4.7627,3.287,--,2.56,开放申购|开放赎回
2012/12/7,0.938,4.6439,3.263,--,2.96,开放申购|开放赎回
2012/11/30,0.911,4.5102,3.236,--,-1.62,开放申购|开放赎回
2012/11/23,0.926,4.5845,3.251,--,-0.32,开放申购|开放赎回
2012/11/16,0.929,4.5993,3.254,--,-2.52,开放申购|开放赎回
2012/11/9,0.953,4.7182,3.278,--,-2.56,开放申购|开放赎回
2012/11/2,0.978,4.8419,3.303,--,1.66,开放申购|开放赎回
2012/10/26,0.962,4.7627,3.287,--,-2.83,开放申购|开放赎回
2012/10/19,0.99,4.9013,3.315,--,1.43,开放申购|开放赎回
2012/10/12,0.976,4.832,3.301,--,-0.1,开放申购|开放赎回
2012/9/30,0.977,4.837,3.302,--,0,开放申购|开放赎回
2012/9/28,0.977,4.837,3.302,--,2.52,开放申购|开放赎回
2012/9/21,0.953,4.7182,3.278,--,-2.95,开放申购|开放赎回
2012/9/14,0.982,4.8617,3.307,--,-0.41,开放申购|开放赎回
2012/9/7,0.986,4.8815,3.311,--,3.35,开放申购|开放赎回
2012/8/31,0.954,4.7231,3.279,--,-1.55,开放申购|开放赎回
2012/8/24,0.969,4.7974,3.294,--,-0.62,开放申购|开放赎回
2012/8/17,0.975,4.8271,3.3,--,-1.91,开放申购|开放赎回
2012/8/10,0.994,4.9211,3.319,--,1.02,开放申购|开放赎回
2012/8/3,0.984,4.8716,3.309,--,-0.2,开放申购|开放赎回
2012/7/27,0.986,4.8815,3.311,--,-0.9,开放申购|开放赎回
2012/7/20,0.995,4.9261,3.32,--,-1.39,开放申购|开放赎回
2012/7/13,1.009,4.9954,3.334,--,-0.39,开放申购|开放赎回
2012/7/6,1.013,5.0152,3.338,--,1,开放申购|开放赎回
2012/6/29,1.003,4.9657,3.328,--,-0.1,开放申购|开放赎回
2012/6/21,1.004,4.9707,3.329,--,-1.28,开放申购|开放赎回
2012/6/15,1.017,5.035,3.342,--,2.01,开放申购|开放赎回
2012/6/8,0.997,4.936,3.322,--,-2.83,开放申购|开放赎回
2012/6/1,1.026,5.0796,3.351,--,1.79,开放申购|开放赎回
2012/5/25,1.008,4.9905,3.333,--,-0.4,开放申购|开放赎回
2012/5/18,1.012,5.0103,3.337,--,-1.56,开放申购|开放赎回
2012/5/11,1.028,5.0895,3.353,--,-2.1,开放申购|开放赎回
2012/5/4,1.05,5.1984,3.375,--,1.84,开放申购|开放赎回
2012/4/27,1.031,5.1043,3.356,--,-0.19,开放申购|开放赎回
2012/4/20,1.033,5.1142,3.358,--,1.18,开放申购|开放赎回
2012/4/13,1.021,5.0548,3.346,--,1.69,开放申购|开放赎回
2012/4/6,1.004,4.9707,3.329,--,1.93,开放申购|开放赎回
2012/3/30,0.985,4.8766,3.31,--,-2.67,开放申购|开放赎回
2012/3/23,1.012,5.0103,3.337,--,-2.13,开放申购|开放赎回
2012/3/16,1.034,5.1192,3.359,--,0.1,开放申购|开放赎回
2012/3/9,1.033,5.1142,3.358,--,-0.39,开放申购|开放赎回
2012/3/2,1.037,5.134,3.362,--,0.1,开放申购|开放赎回
2012/2/24,1.036,5.1291,3.361,--,2.98,开放申购|开放赎回
2012/2/17,1.006,4.9806,3.331,--,0.3,开放申购|开放赎回
2012/2/10,1.003,4.9657,3.328,--,0.91,开放申购|开放赎回
2012/2/3,0.994,4.9211,3.319,--,0.81,开放申购|开放赎回
2012/1/20,0.986,4.8815,3.311,--,2.71,开放申购|开放赎回
2012/1/13,0.96,4.7528,3.285,--,2.24,开放申购|开放赎回
2012/1/6,0.939,4.6488,3.264,--,-2.9,开放申购|开放赎回
2011/12/30,0.967,4.7875,3.292,--,-0.21,开放申购|开放赎回
2011/12/23,0.969,4.7974,3.294,--,-0.82,开放申购|开放赎回
2011/12/16,0.977,4.837,3.302,--,-3.08,开放申购|开放赎回
2011/12/9,1.008,4.9905,3.333,--,-1.95,开放申购|开放赎回
2011/12/2,1.028,5.0895,3.353,--,-1.06,开放申购|开放赎回
2011/11/25,1.039,5.1439,3.364,--,-0.76,开放申购|开放赎回
2011/11/18,1.047,5.1835,3.372,--,-1.87,开放申购|开放赎回
2011/11/11,1.067,5.2826,3.392,--,-1.2,开放申购|开放赎回
2011/11/4,1.08,5.3469,3.405,--,1.79,开放申购|开放赎回
2011/10/28,1.061,5.2529,3.386,--,4.22,开放申购|开放赎回
2011/10/21,1.018,5.04,3.343,--,-3.96,开放申购|开放赎回
2011/10/14,1.06,5.2479,3.385,--,1.44,开放申购|开放赎回
2011/9/30,1.045,5.1736,3.37,--,-2.97,开放申购|开放赎回
2011/9/23,1.077,5.3321,3.402,--,-1.91,开放申购|开放赎回
2011/9/16,1.098,5.436,3.423,--,-0.45,开放申购|开放赎回
2011/9/9,1.103,5.4608,3.428,--,-1.61,开放申购|开放赎回
2011/9/2,1.121,5.5499,3.446,--,-2.86,开放申购|开放赎回
2011/8/26,1.154,5.7133,3.479,--,2.03,开放申购|开放赎回
2011/8/19,1.131,5.5994,3.456,--,-1.65,开放申购|开放赎回
2011/8/12,1.15,5.6935,3.475,--,0.09,开放申购|开放赎回
2011/8/5,1.149,5.6885,3.474,--,-1.12,开放申购|开放赎回
2011/7/29,1.162,5.7529,3.487,--,-2.11,开放申购|开放赎回
2011/7/22,1.187,5.8767,3.512,--,-2.06,开放申购|开放赎回
2011/7/15,1.212,6.0004,3.537,--,1.51,开放申购|开放赎回
2011/7/8,1.194,5.9113,3.519,--,2.58,开放申购|开放赎回
2011/7/1,1.164,5.7628,3.489,--,0.78,开放申购|开放赎回
2011/6/24,1.155,5.7182,3.48,--,3.59,开放申购|开放赎回
2011/6/17,1.115,5.5202,3.44,--,-1.5,开放申购|开放赎回
2011/6/10,1.132,5.6044,3.457,--,-0.53,开放申购|开放赎回
2011/6/3,1.138,5.6341,3.463,--,1.25,开放申购|开放赎回
2011/5/27,1.124,5.5648,3.449,--,-3.52,开放申购|开放赎回
2011/5/20,1.165,5.7677,3.49,--,-1.02,开放申购|开放赎回
2011/5/13,1.177,5.8272,3.502,--,-0.42,开放申购|开放赎回
2011/5/6,1.182,5.8519,3.507,--,0.42,开放申购|开放赎回
2011/4/29,1.177,5.8272,3.502,--,-2.65,开放申购|开放赎回
2011/4/22,1.209,5.9856,3.534,--,-1.71,开放申购|开放赎回
2011/4/15,1.23,6.0895,3.555,--,2.33,开放申购|开放赎回
2011/4/8,1.202,5.9509,3.527,--,2.04,开放申购|开放赎回
2011/4/1,1.178,5.8321,3.503,--,-2,开放申购|开放赎回
2011/3/25,1.202,5.9509,3.527,--,2.21,开放申购|开放赎回
2011/3/18,1.176,5.8222,3.501,--,-0.51,开放申购|开放赎回
2011/3/11,1.182,5.8519,3.507,--,1.03,开放申购|开放赎回
2011/3/4,1.17,5.7925,3.495,--,0.26,开放申购|开放赎回
2011/2/25,1.167,5.7776,3.492,--,0.17,开放申购|开放赎回
2011/2/18,1.165,5.7677,3.49,--,2.64,开放申购|开放赎回
2011/2/11,1.135,5.6192,3.46,--,2.9,开放申购|开放赎回
2011/2/1,1.103,5.4608,3.428,--,1.29,开放申购|开放赎回
2011/1/28,1.089,5.3915,3.414,--,1.02,开放申购|开放赎回
2011/1/21,1.078,5.337,3.403,--,-2.97,开放申购|开放赎回
2011/1/14,1.111,5.5004,3.436,--,-2.73,开放申购|开放赎回
2011/1/7,1.188,5.6546,3.468,--,0.25,开放申购|开放赎回
2010/12/31,1.185,5.6403,3.465,--,1.37,开放申购|开放赎回
2010/12/24,1.169,5.5642,3.449,--,-3.15,开放申购|开放赎回
2010/12/17,1.207,5.7451,3.487,--,2.03,开放申购|开放赎回
2010/12/10,1.183,5.6308,3.463,--,0.85,开放申购|开放赎回
2010/12/3,1.173,5.5832,3.453,--,-1.18,开放申购|开放赎回
2010/11/26,1.187,5.6499,3.467,--,3.04,开放申购|开放赎回
2010/11/19,1.152,5.4833,3.432,--,-0.35,开放申购|开放赎回
2010/11/12,1.156,5.5023,3.436,--,-3.26,开放申购|开放赎回
2010/11/5,1.195,5.6879,3.475,--,3.37,开放申购|开放赎回
2010/10/29,1.156,5.5023,3.436,--,1.49,开放申购|开放赎回
2010/10/22,1.139,5.4214,3.419,--,2.98,开放申购|开放赎回
2010/10/15,1.106,5.2643,3.386,--,0.27,开放申购|开放赎回
2010/10/8,1.103,5.25,3.383,--,2.41,开放申购|开放赎回
2010/9/30,1.077,5.1263,3.357,--,2.47,开放申购|开放赎回
2010/9/21,1.051,5.0025,3.331,--,-0.66,开放申购|开放赎回
2010/9/17,1.058,5.0358,3.338,--,-1.95,开放申购|开放赎回
2010/9/10,1.079,5.1358,3.359,--,1.31,开放申购|开放赎回
2010/9/3,1.065,5.0692,3.345,--,3.4,开放申购|开放赎回
2010/8/27,1.03,4.9026,3.31,--,0.59,开放申购|开放赎回
2010/8/20,1.024,4.874,3.304,--,-0.1,开放申购|开放赎回
2010/8/13,1.025,4.8788,3.305,--,-0.19,开放申购|开放赎回
2010/8/6,1.027,4.8883,3.307,--,2.5,开放申购|开放赎回
2010/7/30,1.002,4.7693,3.282,--,1.62,开放申购|开放赎回
2010/7/23,0.986,4.6931,3.266,--,5.01,开放申购|开放赎回
2010/7/16,0.939,4.4694,3.219,--,-0.63,开放申购|开放赎回
2010/7/9,0.945,4.498,3.225,--,3.5,开放申购|开放赎回
2010/7/2,0.913,4.3457,3.193,--,-5.09,开放申购|开放赎回
2010/6/25,0.962,4.5789,3.242,--,0.21,开放申购|开放赎回
2010/6/18,0.96,4.5694,3.24,--,-2.93,开放申购|开放赎回
2010/6/11,0.989,4.7074,3.269,--,1.12,开放申购|开放赎回
2010/6/4,0.978,4.6551,3.258,--,-1.11,开放申购|开放赎回
2010/5/28,0.989,4.7074,3.269,--,2.06,开放申购|开放赎回
2010/5/21,0.969,4.6122,3.249,--,-1.72,开放申购|开放赎回
2010/5/14,0.986,4.6931,3.266,--,-0.5,开放申购|开放赎回
2010/5/7,0.991,4.7169,3.271,--,-3.22,开放申购|开放赎回
2010/4/30,1.024,4.874,3.304,--,-4.48,开放申购|开放赎回
2010/4/23,1.072,5.1025,3.352,--,-1.65,开放申购|开放赎回
2010/4/16,1.09,5.1882,3.37,--,-0.73,开放申购|开放赎回
2010/4/9,1.098,5.2262,3.378,--,0,开放申购|开放赎回
2010/4/2,1.098,5.2262,3.378,--,2.91,开放申购|开放赎回
2010/3/26,1.067,5.0787,3.347,--,0.28,开放申购|开放赎回
2010/3/19,1.064,5.0644,3.344,--,1.33,开放申购|开放赎回
2010/3/12,1.05,4.9978,3.33,--,-1.22,开放申购|开放赎回
2010/3/5,1.063,5.0596,3.343,--,0.19,开放申购|开放赎回
2010/2/26,1.061,5.0501,3.341,--,1.53,开放申购|开放赎回
2010/2/12,1.045,4.974,3.325,--,2.35,开放申购|开放赎回
2010/2/5,1.021,4.8597,3.301,--,-1.35,开放申购|开放赎回
2010/1/29,1.035,4.9264,3.315,--,-3.54,开放申购|开放赎回
2010/1/22,1.073,5.1072,3.353,--,-2.37,开放申购|开放赎回
2010/1/15,1.099,5.231,3.379,--,1.57,开放申购|开放赎回
2010/1/8,1.082,5.1501,3.362,--,-1.81,开放申购|开放赎回
2009/12/31,1.102,5.2453,3.382,--,3.38,开放申购|开放赎回
2009/12/25,1.066,5.0739,3.346,--,0.95,开放申购|开放赎回
2009/12/18,1.056,5.0263,3.336,--,-3.74,开放申购|开放赎回
2009/12/11,1.097,5.2215,3.377,--,-0.36,开放申购|开放赎回
2009/12/4,1.101,5.2405,3.381,--,6.07,开放申购|开放赎回
2009/11/27,1.038,4.9407,3.318,--,-5.55,开放申购|开放赎回
2009/11/20,1.099,5.231,3.379,--,2.52,开放申购|开放赎回
2009/11/13,1.072,5.1025,3.352,--,0.85,开放申购|开放赎回
2009/11/6,1.063,5.0596,3.343,--,4.83,开放申购|开放赎回
2009/10/30,1.014,4.8264,3.294,--,-0.59,开放申购|开放赎回
2009/10/23,1.02,4.855,3.3,--,3.98,开放申购|开放赎回
2009/10/16,0.981,4.6693,3.261,--,1.98,开放申购|开放赎回
2009/10/9,0.962,4.5789,3.242,--,3.66,开放申购|开放赎回
2009/9/30,0.928,4.4171,3.208,--,-1.17,开放申购|开放赎回
2009/9/25,0.939,4.4694,3.219,--,-3,开放申购|开放赎回
2009/9/18,0.968,4.6075,3.248,--,0.1,开放申购|开放赎回
2009/9/11,0.967,4.6027,3.247,--,3.64,开放申购|开放赎回
2009/9/4,0.933,4.4409,3.213,--,0.54,开放申购|开放赎回
2009/8/28,0.928,4.4171,3.208,--,-2.11,开放申购|开放赎回
2009/8/21,0.948,4.5123,3.228,--,-2.57,开放申购|开放赎回
2009/8/14,0.973,4.6313,3.253,--,-5.53,开放申购|开放赎回
2009/8/7,1.03,4.9026,3.31,--,-2.09,开放申购|开放赎回
2009/7/31,1.052,5.0073,3.332,--,1.74,开放申购|开放赎回
2009/7/24,1.034,4.9216,3.314,--,1.37,开放申购|开放赎回
2009/7/17,1.02,4.855,3.3,--,2.72,开放申购|开放赎回
2009/7/10,0.993,4.7265,3.273,--,1.53,开放申购|开放赎回
2009/7/3,0.978,4.6551,3.258,--,4.04,开放申购|开放赎回
2009/6/26,0.94,4.4742,3.22,--,0.11,开放申购|开放赎回
2009/6/19,0.939,4.4694,3.219,--,3.19,开放申购|开放赎回
2009/6/12,0.91,4.3314,3.19,--,-0.11,开放申购|开放赎回
2009/6/5,0.911,4.3362,3.191,--,2.24,开放申购|开放赎回
2009/5/27,0.891,4.241,3.171,--,0.68,开放申购|开放赎回
2009/5/22,0.885,4.2124,3.165,--,-0.78,开放申购|开放赎回
2009/5/15,0.892,4.2457,3.172,--,-0.11,开放申购|开放赎回
2009/5/8,0.893,4.2505,3.173,--,3.6,开放申购|开放赎回
2009/4/30,0.862,4.1029,3.142,--,1.41,开放申购|开放赎回
2009/4/24,0.85,4.0458,3.13,--,-1.39,开放申购|开放赎回
2009/4/17,0.862,4.1029,3.142,--,1.89,开放申购|开放赎回
2009/4/10,0.846,4.0268,3.126,--,1.32,开放申购|开放赎回
2009/4/3,0.835,3.9744,3.115,--,1.71,开放申购|开放赎回
2009/3/27,0.821,3.9078,3.101,--,2.37,开放申购|开放赎回
2009/3/20,0.802,3.8173,3.082,--,3.48,开放申购|开放赎回
2009/3/13,0.775,3.6888,3.055,--,-1.77,开放申购|开放赎回
2009/3/6,0.789,3.7555,3.069,--,4.23,开放申购|开放赎回
2009/2/27,0.757,3.6032,3.037,--,-5.26,开放申购|开放赎回
2009/2/20,0.799,3.8031,3.079,--,-1.48,开放申购|开放赎回
2009/2/13,0.811,3.8602,3.091,--,5.19,开放申购|开放赎回
2009/2/6,0.771,3.6698,3.051,--,5.76,开放申购|开放赎回
2009/1/23,0.729,3.4699,3.009,--,0.69,开放申购|开放赎回
2009/1/16,0.724,3.4461,3.004,--,1.69,开放申购|开放赎回
2009/1/9,0.712,3.389,2.992,--,3.79,开放申购|开放赎回
2008/12/31,0.686,3.2652,2.966,--,-0.15,开放申购|开放赎回
2008/12/26,0.687,3.27,2.967,--,-3.78,开放申购|开放赎回
2008/12/19,0.714,3.3985,2.994,--,3.93,开放申购|开放赎回
2008/12/12,0.687,3.27,2.967,--,-1.15,开放申购|开放赎回
2008/12/5,0.695,3.308,2.975,--,5.78,开放申购|开放赎回
2008/11/28,0.657,3.1272,2.937,--,-1.5,开放申购|开放赎回
2008/11/21,0.667,3.1748,2.947,--,0.15,开放申购|开放赎回
2008/11/14,0.666,3.17,2.946,--,8.82,开放申购|开放赎回
2008/11/7,0.612,2.913,2.892,--,-0.33,开放申购|开放赎回
2008/10/31,0.614,2.9225,2.894,--,-3.46,开放申购|开放赎回
2008/10/24,0.636,3.0272,2.916,--,-1.09,开放申购|开放赎回
2008/10/17,0.643,3.0605,2.923,--,-3.74,开放申购|开放赎回
2008/10/10,0.668,3.1795,2.948,--,-9.97,开放申购|开放赎回
2008/9/30,0.742,3.5318,3.022,--,-0.13,开放申购|开放赎回
2008/9/26,0.743,3.5365,3.023,--,3.48,开放申购|开放赎回
2008/9/19,0.718,3.4175,2.998,--,2.28,开放申购|开放赎回
2008/9/12,0.702,3.3414,2.982,--,-2.5,开放申购|开放赎回
2008/9/5,0.72,3.427,3,--,-4.89,开放申购|开放赎回
2008/8/29,0.757,3.6032,3.037,--,-1.17,开放申购|开放赎回
2008/8/22,0.766,3.646,3.046,--,-1.16,开放申购|开放赎回
2008/8/15,0.775,3.6888,3.055,--,-2.39,开放申购|开放赎回
2008/8/8,0.794,3.7793,3.074,--,-5.02,开放申购|开放赎回
2008/8/1,0.836,3.9792,3.116,--,-2.22,开放申购|开放赎回
2008/7/25,0.855,4.0696,3.135,--,2.64,开放申购|开放赎回
2008/7/18,0.833,3.9649,3.113,--,-1.3,开放申购|开放赎回
2008/7/11,0.844,4.0173,3.124,--,3.56,开放申购|开放赎回
2008/7/4,0.815,3.8792,3.095,--,-0.85,开放申购|开放赎回
2008/6/27,0.822,3.9125,3.102,--,0.12,开放申购|开放赎回
2008/6/20,0.821,3.9078,3.101,--,-2.03,开放申购|开放赎回
2008/6/13,0.838,3.9887,3.118,--,-6.37,开放申购|开放赎回
2008/6/6,0.895,4.26,3.175,--,-2.19,开放申购|开放赎回
2008/5/30,0.915,4.3552,3.195,--,-1.51,开放申购|开放赎回
2008/5/23,0.929,4.4218,3.209,--,-3.73,开放申购|开放赎回
2008/5/16,0.965,4.5932,3.245,--,0.21,开放申购|开放赎回
2008/5/9,0.963,4.5837,3.243,--,0.31,开放申购|开放赎回
2008/4/30,0.96,4.5694,3.24,--,2.13,开放申购|开放赎回
2008/4/25,0.94,4.4742,3.22,--,8.8,开放申购|开放赎回
2008/4/18,0.864,4.1125,3.144,--,-8.57,开放申购|开放赎回
2008/4/11,0.945,4.498,3.225,--,1.94,开放申购|开放赎回
2008/4/3,0.927,4.4123,3.207,--,-5.31,开放申购|开放赎回
2008/3/28,0.979,4.6598,3.259,--,-2.3,开放申购|开放赎回
2008/3/21,1.002,4.7693,3.282,--,-1.38,开放申购|开放赎回
2008/3/14,1.016,4.8359,3.296,--,-6.27,开放申购|开放赎回
2008/3/7,1.084,5.1596,3.364,--,-0.46,开放申购|开放赎回
2008/2/29,1.089,5.1834,3.369,--,-0.37,开放申购|开放赎回
2008/2/22,1.093,5.2024,3.373,--,-0.64,开放申购|开放赎回
2008/2/15,1.1,5.2358,3.38,--,-1.08,开放申购|开放赎回
2008/2/5,1.112,5.2929,3.392,--,4.32,开放申购|开放赎回
2008/2/1,1.066,5.0739,3.346,--,-5.24,开放申购|开放赎回
2008/1/25,1.125,5.3548,3.405,--,-2.17,开放申购|开放赎回
2008/1/18,1.15,5.4737,3.43,--,-2.29,开放申购|开放赎回
2008/1/11,1.177,5.6023,3.457,--,3.34,开放申购|开放赎回
2008/1/4,1.179,5.4214,3.419,--,2.61,开放申购|开放赎回
2007/12/28,1.149,5.2834,3.389,--,3.05,开放申购|开放赎回
2007/12/21,1.115,5.1271,3.355,--,1.92,开放申购|开放赎回
2007/12/14,1.094,5.0305,3.334,--,-0.09,开放申购|开放赎回
2007/12/7,1.095,5.0351,3.335,--,3.89,开放申购|开放赎回
2007/11/30,1.054,4.8466,3.294,--,-0.94,开放申购|开放赎回
2007/11/23,1.064,4.8926,3.304,--,-1.02,开放申购|开放赎回
2007/11/16,1.075,4.9432,3.315,--,0.09,开放申购|开放赎回
2007/11/9,1.074,4.9386,3.314,--,-1.47,开放申购|开放赎回
2007/11/2,1.09,5.0121,3.33,--,0.46,开放申购|开放赎回
2007/10/26,1.085,4.9892,3.325,--,-2.78,开放申购|开放赎回
2007/10/19,1.116,5.1317,3.356,--,-0.8,开放申购|开放赎回
2007/10/12,1.125,5.1731,3.365,--,1.63,开放申购|开放赎回
2007/9/30,1.107,5.0903,3.347,--,0,开放申购|开放赎回
2007/9/28,1.107,5.0903,3.347,--,0.64,开放申购|开放赎回
2007/9/21,1.1,5.0581,3.34,--,0.97,开放申购|开放赎回
2007/9/14,1.884,5.0098,3.324,--,0.16,开放申购|开放赎回
2007/9/7,1.881,5.0018,3.321,--,1.79,开放申购|开放赎回
2007/8/31,1.848,4.914,3.288,--,1.04,开放申购|开放赎回
2007/8/24,1.829,4.8635,3.269,--,9.52,开放申购|开放赎回
2007/8/17,1.67,4.4407,3.11,--,-0.42,开放申购|开放赎回
2007/8/10,1.677,4.4593,3.117,--,0.66,开放申购|开放赎回
2007/8/3,1.666,4.4301,3.106,--,3.35,开放申购|开放赎回
2007/7/27,1.612,4.2865,3.052,--,4.2,开放申购|开放赎回
2007/7/20,1.547,4.1136,2.987,--,3.06,开放申购|开放赎回
2007/7/13,1.501,3.9913,2.941,--,0.81,开放申购|开放赎回
2007/7/6,1.489,3.9594,2.929,--,-2.1,开放申购|开放赎回
2007/6/29,1.521,4.0445,2.961,--,-3.31,开放申购|开放赎回
2007/6/22,1.573,4.1828,3.013,--,-2.18,开放申购|开放赎回
2007/6/15,1.608,4.2758,3.048,--,6.35,开放申购|开放赎回
2007/6/8,1.512,4.0206,2.952,--,1.22,开放申购|开放赎回
2007/6/1,1.803,3.972,2.943,--,0.9,开放申购|开放赎回
2007/5/25,1.787,3.9368,2.927,--,2.76,开放申购|开放赎回
2007/5/18,1.739,3.831,2.879,--,3.2,开放申购|开放赎回
2007/5/11,1.685,3.7121,2.825,--,2.56,开放申购|开放赎回
2007/4/30,1.643,3.6195,2.783,--,0.61,开放申购|开放赎回
2007/4/27,1.633,3.5975,2.773,--,3.22,开放申购|开放赎回
2007/4/20,1.582,3.4851,2.722,--,1.87,开放申购|开放赎回
2007/4/13,1.553,3.4213,2.693,--,4.72,开放申购|开放赎回
2007/4/6,1.483,3.2671,2.623,--,4.22,开放申购|开放赎回
2007/3/30,1.423,3.1349,2.563,--,0.42,开放申购|开放赎回
2007/3/23,1.417,3.1217,2.557,--,2.31,开放申购|开放赎回
2007/3/16,1.385,3.0512,2.525,--,-0.14,开放申购|开放赎回
2007/3/9,1.387,3.0556,2.527,--,3.51,开放申购|开放赎回
2007/3/2,1.34,2.952,2.48,--,-7.01,开放申购|开放赎回
2007/2/16,1.441,3.1745,2.581,--,8.59,开放申购|开放赎回
2007/2/9,1.327,2.9234,2.467,--,1.3,开放申购|开放赎回
2007/2/2,1.31,2.8859,2.45,--,-5.48,开放申购|开放赎回
2007/1/26,1.386,3.0534,2.526,--,2.44,开放申购|开放赎回
2007/1/19,1.353,2.9807,2.493,--,9.38,开放申购|开放赎回
2007/1/12,1.237,2.7251,2.377,--,6,开放申购|开放赎回
2007/1/5,1.167,2.5709,2.307,--,1.21,开放申购|开放赎回
2006/12/29,1.153,2.5401,2.293,--,4.25,开放申购|开放赎回
2006/12/22,1.106,2.4365,2.246,--,3.17,开放申购|开放赎回
2006/12/15,1.072,2.3616,2.212,--,9.03,暂停申购|开放赎回
2006/12/8,1.936,2.1661,2.076,--,-2.32,开放申购|开放赎回
2006/12/1,1.982,2.2176,2.122,--,7.48,开放申购|开放赎回
2006/11/24,1.844,2.0632,1.984,--,4.36,开放申购|开放赎回
2006/11/17,1.767,1.977,1.907,--,3.27,开放申购|开放赎回
2006/11/10,1.711,1.9143,1.851,--,-0.58,开放申购|开放赎回
2006/11/3,1.721,1.9255,1.861,--,1.29,开放申购|开放赎回
2006/10/27,1.699,1.9009,1.839,--,0.89,开放申购|开放赎回
2006/10/20,1.684,1.8841,1.824,--,0.3,开放申购|开放赎回
2006/10/13,1.679,1.8785,1.819,--,0.42,开放申购|开放赎回
2006/9/30,1.672,1.8707,1.812,--,0,开放申购|开放赎回
2006/9/29,1.672,1.8707,1.812,--,2.33,开放申购|开放赎回
2006/9/22,1.634,1.8282,1.774,--,1.49,开放申购|开放赎回
2006/9/15,1.61,1.8013,1.75,--,1.39,开放申购|开放赎回
2006/9/8,1.588,1.7767,1.728,--,0.38,开放申购|开放赎回
2006/9/1,1.582,1.77,1.722,--,1.02,开放申购|开放赎回
2006/8/25,1.566,1.7521,1.706,--,2.76,开放申购|开放赎回
2006/8/18,1.524,1.7051,1.664,--,-0.07,开放申购|开放赎回
2006/8/11,1.525,1.7062,1.665,--,2.14,开放申购|开放赎回
2006/8/4,1.493,1.6704,1.633,--,-6.1,开放申购|开放赎回
2006/7/28,1.59,1.779,1.73,--,-0.69,开放申购|开放赎回
2006/7/21,1.601,1.7913,1.741,--,-0.56,开放申购|开放赎回
2006/7/14,1.61,1.8013,1.75,--,-3.07,开放申购|开放赎回
2006/7/7,1.661,1.8584,1.801,--,2.15,开放申购|开放赎回
2006/6/30,1.626,1.8192,1.766,--,3.44,开放申购|开放赎回
2006/6/23,1.572,1.7588,1.712,--,1.17,开放申购|开放赎回
2006/6/16,1.603,1.7385,1.693,--,3.02,开放申购|开放赎回
2006/6/9,1.556,1.6875,1.646,--,-5.35,开放申购|开放赎回
2006/6/2,1.644,1.7829,1.734,--,3.14,开放申购|开放赎回
2006/5/26,1.594,1.7287,1.684,--,-1.48,开放申购|开放赎回
2006/5/19,1.618,1.7547,1.708,--,3.78,开放申购|开放赎回
2006/5/12,1.559,1.6907,1.649,--,9.79,开放申购|开放赎回
2006/4/28,1.42,1.54,1.51,--,5.03,开放申购|开放赎回
2006/4/21,1.352,1.4663,1.442,--,4.64,开放申购|开放赎回
2006/4/14,1.292,1.4012,1.382,--,1.02,开放申购|开放赎回
2006/4/7,1.279,1.3871,1.369,--,5.44,开放申购|开放赎回
2006/3/31,1.213,1.3155,1.303,--,3.76,开放申购|开放赎回
2006/3/24,1.169,1.2678,1.259,--,2.25,开放申购|开放赎回
2006/3/17,1.183,1.2398,1.233,--,2.07,开放申购|开放赎回
2006/3/10,1.159,1.2147,1.209,--,-1.02,开放申购|开放赎回
2006/3/3,1.171,1.2273,1.221,--,1.3,开放申购|开放赎回
2006/2/24,1.156,1.2115,1.206,--,1.31,开放申购|开放赎回
2006/2/17,1.141,1.1958,1.191,--,-1.38,开放申购|开放赎回
2006/2/10,1.157,1.2126,1.207,--,0,开放申购|开放赎回
2006/1/25,1.157,1.2126,1.207,--,1.58,暂停申购|开放赎回
2006/1/20,1.139,1.1937,1.189,--,1.33,开放申购|开放赎回
2006/1/13,1.124,1.178,1.174,--,0.81,开放申购|开放赎回
2006/1/6,1.115,1.1686,1.165,--,3.43,开放申购|开放赎回
2005/12/30,1.078,1.1298,1.128,--,1.89,开放申购|开放赎回
2005/12/23,1.058,1.1088,1.108,--,1.83,开放申购|开放赎回
2005/12/16,1.039,1.0889,1.089,--,1.27,开放申购|开放赎回
2005/12/9,1.026,1.0753,1.076,--,1.28,开放申购|开放赎回
2005/12/2,1.013,1.0617,1.063,--,-1.27,开放申购|开放赎回
2005/11/25,1.026,1.0753,1.076,--,0.2,开放申购|开放赎回
2005/11/18,1.024,1.0732,1.074,--,-0.1,开放申购|开放赎回
2005/11/11,1.025,1.0743,1.075,--,0.2,开放申购|开放赎回
2005/11/4,1.023,1.0722,1.073,--,-0.39,开放申购|开放赎回
2005/10/28,1.027,1.0763,1.077,--,-2.38,开放申购|开放赎回
2005/10/21,1.052,1.1025,1.102,--,1.06,开放申购|开放赎回
2005/10/14,1.041,1.091,1.091,--,-0.38,开放申购|开放赎回
2005/9/30,1.045,1.0952,1.095,--,1.24,开放申购|开放赎回
2005/9/23,1.062,1.0818,1.082,--,-3.01,开放申购|开放赎回
2005/9/16,1.095,1.1154,1.115,--,1.48,开放申购|开放赎回
2005/9/9,1.079,1.0991,1.099,--,0.28,开放申购|开放赎回
2005/9/2,1.076,1.0961,1.096,--,1.8,开放申购|开放赎回
2005/8/26,1.057,1.0767,1.077,--,0.57,开放申购|开放赎回
2005/8/19,1.051,1.0706,1.071,--,-0.47,开放申购|开放赎回
2005/8/12,1.056,1.0757,1.076,--,0.48,开放申购|开放赎回
2005/8/5,1.051,1.0706,1.071,--,2.14,开放申购|开放赎回
2005/7/29,1.029,1.0482,1.049,--,1.08,开放申购|开放赎回
2005/7/22,1.018,1.037,1.038,--,0.99,开放申购|开放赎回
2005/7/15,1.008,1.0268,1.028,--,1.1,开放申购|开放赎回
2005/7/8,0.997,1.0156,1.017,--,-1.09,开放申购|开放赎回
2005/7/1,1.008,1.0268,1.028,--,-1.27,开放申购|开放赎回
2005/6/24,1.021,1.04,1.041,--,3.34,开放申购|开放赎回
2005/6/17,0.988,1.0064,1.008,--,-1.3,开放申购|开放赎回
2005/6/10,1.001,1.0197,1.021,--,6.38,开放申购|开放赎回
2005/6/3,0.941,0.9585,0.961,--,-2.99,开放申购|开放赎回
2005/5/27,0.97,0.9881,0.99,--,-4.24,开放申购|开放赎回
2005/5/20,1.013,1.0319,1.033,--,-1.07,开放申购|开放赎回
2005/5/13,1.024,1.0431,1.044,--,-4.92,开放申购|开放赎回
2005/4/29,1.077,1.0971,1.097,--,0.28,开放申购|开放赎回
2005/4/22,1.074,1.094,1.094,--,0,开放申购|开放赎回
2005/4/15,1.094,1.094,1.094,--,-1.09,开放申购|开放赎回
2005/4/8,1.106,1.106,1.106,--,3.17,开放申购|开放赎回
2005/4/1,1.072,1.072,1.072,--,2.19,开放申购|开放赎回
2005/3/25,1.049,1.049,1.049,--,0.87,开放申购|开放赎回
2005/3/18,1.04,1.04,1.04,--,-1.23,开放申购|开放赎回
2005/3/11,1.053,1.053,1.053,--,2.53,开放申购|开放赎回
2005/3/4,1.027,1.027,1.027,--,-0.48,开放申购|开放赎回
2005/2/25,1.032,1.032,1.032,--,1.67,开放申购|开放赎回
2005/2/18,1.015,1.015,1.015,--,-0.59,开放申购|开放赎回
2005/2/4,1.021,1.021,1.021,--,2.41,开放申购|开放赎回
2005/1/28,0.997,0.997,0.997,--,0.61,开放申购|开放赎回
2005/1/21,0.991,0.991,0.991,--,-0.8,开放申购|开放赎回
2005/1/14,0.999,0.999,0.999,--,0.2,开放申购|开放赎回
2005/1/7,0.997,0.997,0.997,--,-0.5,开放申购|开放赎回
2004/12/31,1.002,1.002,1.002,--,0.7,开放申购|开放赎回
2004/12/24,0.995,0.995,0.995,--,-0.6,开放申购|开放赎回
2004/12/17,1.001,1.001,1.001,--,-0.6,开放申购|开放赎回
2004/12/10,1.007,1.007,1.007,--,0,开放申购|开放赎回
2004/12/3,1.007,1.007,1.007,--,-0.98,开放申购|开放赎回
2004/11/26,1.017,1.017,1.017,--,-1.17,开放申购|开放赎回
2004/11/19,1.029,1.029,1.029,--,0.68,开放申购|开放赎回
2004/11/12,1.022,1.022,1.022,--,1.59,开放申购|开放赎回
2004/11/5,1.006,1.006,1.006,--,-0.69,开放申购|开放赎回
2004/10/29,1.013,1.013,1.013,--,-0.1,开放申购|开放赎回
2004/10/22,1.014,1.014,1.014,--,1.1,开放申购|开放赎回
2004/10/15,1.003,1.003,1.003,--,-1.08,开放申购|开放赎回
2004/10/8,1.014,1.014,1.014,--,0.3,开放申购|开放赎回
2004/9/30,1.011,1.011,1.011,--,-0.1,开放申购|开放赎回
2004/9/24,1.012,1.012,1.012,--,0.6,开放申购|开放赎回
2004/9/17,1.006,1.006,1.006,--,0.2,开放申购|开放赎回
2004/9/10,1.004,1.004,1.004,--,0.1,开放申购|开放赎回
